archive,file_offset,hint,load_address,caveat
game/spain/DATA/MODEL.MRG,1105924,return_instruction,,instruction_pattern_not_a_proven_function
game/spain/DATA/MODEL.MRG,1110020,return_instruction,,instruction_pattern_not_a_proven_function
game/spain/DATA/MODEL.MRG,1652912,stack_prologue,,instruction_pattern_not_a_proven_function
game/spain/DATA/MODEL.MRG,1654820,stack_prologue,,instruction_pattern_not_a_proven_function
game/spain/DATA/MODEL.MRG,1652904,return_instruction,,instruction_pattern_not_a_proven_function
game/spain/DATA/MODEL.MRG,1654812,return_instruction,,instruction_pattern_not_a_proven_function
game/spain/DATA/MODEL.MRG,1656012,return_instruction,,instruction_pattern_not_a_proven_function
game/spain/DATA/MODEL.MRG,1662980,return_instruction,,instruction_pattern_not_a_proven_function
game/spain/DATA/MODEL.MRG,1667076,return_instruction,,instruction_pattern_not_a_proven_function
game/spain/DATA/MODEL.MRG,8437764,stack_prologue,,instruction_pattern_not_a_proven_function
game/spain/DATA/MODEL.MRG,8445484,stack_prologue,,instruction_pattern_not_a_proven_function
game/spain/DATA/MODEL.MRG,8446672,stack_prologue,,instruction_pattern_not_a_proven_function
game/spain/DATA/MODEL.MRG,8458244,stack_prologue,,instruction_pattern_not_a_proven_function
game/spain/DATA/MODEL.MRG,8465964,stack_prologue,,instruction_pattern_not_a_proven_function
game/spain/DATA/MODEL.MRG,8467152,stack_prologue,,instruction_pattern_not_a_proven_function
game/spain/DATA/MODEL.MRG,8444020,return_instruction,,instruction_pattern_not_a_proven_function
game/spain/DATA/MODEL.MRG,8445476,return_instruction,,instruction_pattern_not_a_proven_function
game/spain/DATA/MODEL.MRG,8446664,return_instruction,,instruction_pattern_not_a_proven_function
game/spain/DATA/MODEL.MRG,8447764,return_instruction,,instruction_pattern_not_a_proven_function
game/spain/DATA/MODEL.MRG,8464500,return_instruction,,instruction_pattern_not_a_proven_function
game/spain/DATA/MODEL.MRG,8465956,return_instruction,,instruction_pattern_not_a_proven_function
game/spain/DATA/MODEL.MRG,8467144,return_instruction,,instruction_pattern_not_a_proven_function
game/spain/DATA/MODEL.MRG,8468244,return_instruction,,instruction_pattern_not_a_proven_function
game/spain/DATA/MODEL.MRG,11280388,stack_prologue,,instruction_pattern_not_a_proven_function
game/spain/DATA/MODEL.MRG,11300868,stack_prologue,,instruction_pattern_not_a_proven_function
game/spain/DATA/MODEL.MRG,11287616,return_instruction,,instruction_pattern_not_a_proven_function
game/spain/DATA/MODEL.MRG,13484036,stack_prologue,,instruction_pattern_not_a_proven_function
game/spain/DATA/MODEL.MRG,13504516,stack_prologue,,instruction_pattern_not_a_proven_function
game/spain/DATA/MODEL.MRG,13490176,return_instruction,,instruction_pattern_not_a_proven_function
game/spain/DATA/MODEL.MRG,13510656,return_instruction,,instruction_pattern_not_a_proven_function
game/spain/DATA/MODEL.MRG,13524996,return_instruction,,instruction_pattern_not_a_proven_function
game/spain/DATA/MODEL.MRG,13529092,return_instruction,,instruction_pattern_not_a_proven_function
game/spain/DATA/MODEL.MRG,16388100,stack_prologue,,instruction_pattern_not_a_proven_function
game/spain/DATA/MODEL.MRG,16389152,return_instruction,,instruction_pattern_not_a_proven_function
game/spain/DATA/MODEL.MRG,19210244,stack_prologue,,instruction_pattern_not_a_proven_function
game/spain/DATA/MODEL.MRG,19213096,return_instruction,,instruction_pattern_not_a_proven_function
game/spain/DATA/MODEL.MRG,21445724,return_instruction,,instruction_pattern_not_a_proven_function
game/spain/DATA/MODEL.MRG,21454852,return_instruction,,instruction_pattern_not_a_proven_function
game/spain/DATA/MODEL.MRG,21458948,return_instruction,,instruction_pattern_not_a_proven_function
game/spain/DATA/MODEL.MRG,24256516,stack_prologue,,instruction_pattern_not_a_proven_function
game/spain/DATA/MODEL.MRG,24276996,stack_prologue,,instruction_pattern_not_a_proven_function
game/spain/DATA/MODEL.MRG,24297476,stack_prologue,,instruction_pattern_not_a_proven_function
game/spain/DATA/MODEL.MRG,24264048,return_instruction,,instruction_pattern_not_a_proven_function
game/spain/DATA/MODEL.MRG,24284528,return_instruction,,instruction_pattern_not_a_proven_function
game/spain/DATA/MODEL.MRG,24305544,return_instruction,,instruction_pattern_not_a_proven_function
game/spain/DATA/MODEL.MRG,26501124,return_instruction,,instruction_pattern_not_a_proven_function
game/spain/DATA/MODEL.MRG,26505220,return_instruction,,instruction_pattern_not_a_proven_function
game/spain/DATA/MODEL.MRG,27081496,stack_prologue,,instruction_pattern_not_a_proven_function
game/spain/DATA/MODEL.MRG,27082928,stack_prologue,,instruction_pattern_not_a_proven_function
game/spain/DATA/MODEL.MRG,27095044,stack_prologue,,instruction_pattern_not_a_proven_function
game/spain/DATA/MODEL.MRG,27098920,stack_prologue,,instruction_pattern_not_a_proven_function
game/spain/DATA/MODEL.MRG,27101976,stack_prologue,,instruction_pattern_not_a_proven_function
game/spain/DATA/MODEL.MRG,27103408,stack_prologue,,instruction_pattern_not_a_proven_function
game/spain/DATA/MODEL.MRG,27115524,stack_prologue,,instruction_pattern_not_a_proven_function
game/spain/DATA/MODEL.MRG,27118512,stack_prologue,,instruction_pattern_not_a_proven_function
game/spain/DATA/MODEL.MRG,27120028,stack_prologue,,instruction_pattern_not_a_proven_function
game/spain/DATA/MODEL.MRG,27121620,stack_prologue,,instruction_pattern_not_a_proven_function
game/spain/DATA/MODEL.MRG,27122904,stack_prologue,,instruction_pattern_not_a_proven_function
game/spain/DATA/MODEL.MRG,27124548,stack_prologue,,instruction_pattern_not_a_proven_function
game/spain/DATA/MODEL.MRG,27081488,return_instruction,,instruction_pattern_not_a_proven_function
game/spain/DATA/MODEL.MRG,27082920,return_instruction,,instruction_pattern_not_a_proven_function
game/spain/DATA/MODEL.MRG,27085444,return_instruction,,instruction_pattern_not_a_proven_function
game/spain/DATA/MODEL.MRG,27098912,return_instruction,,instruction_pattern_not_a_proven_function
game/spain/DATA/MODEL.MRG,27101968,return_instruction,,instruction_pattern_not_a_proven_function
game/spain/DATA/MODEL.MRG,27103400,return_instruction,,instruction_pattern_not_a_proven_function
game/spain/DATA/MODEL.MRG,27105924,return_instruction,,instruction_pattern_not_a_proven_function
game/spain/DATA/MODEL.MRG,27118504,return_instruction,,instruction_pattern_not_a_proven_function
game/spain/DATA/MODEL.MRG,27120020,return_instruction,,instruction_pattern_not_a_proven_function
game/spain/DATA/MODEL.MRG,27121612,return_instruction,,instruction_pattern_not_a_proven_function
game/spain/DATA/MODEL.MRG,27122896,return_instruction,,instruction_pattern_not_a_proven_function
game/spain/DATA/MODEL.MRG,27124540,return_instruction,,instruction_pattern_not_a_proven_function
game/spain/DATA/MODEL.MRG,27127100,return_instruction,,instruction_pattern_not_a_proven_function
game/spain/DATA/MODEL.MRG,29323268,return_instruction,,instruction_pattern_not_a_proven_function
game/spain/DATA/MODEL.MRG,35004420,stack_prologue,,instruction_pattern_not_a_proven_function
game/spain/DATA/MODEL.MRG,35024900,stack_prologue,,instruction_pattern_not_a_proven_function
game/spain/DATA/MODEL.MRG,35011960,return_instruction,,instruction_pattern_not_a_proven_function
game/spain/DATA/MODEL.MRG,35032440,return_instruction,,instruction_pattern_not_a_proven_function
game/spain/DATA/MODEL.MRG,37249028,return_instruction,,instruction_pattern_not_a_proven_function
game/spain/DATA/MODEL.MRG,37253124,return_instruction,,instruction_pattern_not_a_proven_function
game/spain/DATA/MODEL.MRG,42934276,stack_prologue,,instruction_pattern_not_a_proven_function
game/spain/DATA/MODEL.MRG,42936508,stack_prologue,,instruction_pattern_not_a_proven_function
game/spain/DATA/MODEL.MRG,42939296,stack_prologue,,instruction_pattern_not_a_proven_function
game/spain/DATA/MODEL.MRG,42940104,stack_prologue,,instruction_pattern_not_a_proven_function
game/spain/DATA/MODEL.MRG,42954756,stack_prologue,,instruction_pattern_not_a_proven_function
game/spain/DATA/MODEL.MRG,42936500,return_instruction,,instruction_pattern_not_a_proven_function
game/spain/DATA/MODEL.MRG,42939288,return_instruction,,instruction_pattern_not_a_proven_function
game/spain/DATA/MODEL.MRG,42940096,return_instruction,,instruction_pattern_not_a_proven_function
game/spain/DATA/MODEL.MRG,42940844,return_instruction,,instruction_pattern_not_a_proven_function
game/spain/DATA/MODEL.MRG,48041988,stack_prologue,,instruction_pattern_not_a_proven_function
game/spain/DATA/MODEL.MRG,50864132,stack_prologue,,instruction_pattern_not_a_proven_function
game/spain/DATA/MODEL.MRG,53088260,stack_prologue,,instruction_pattern_not_a_proven_function
game/spain/DATA/MODEL.MRG,53092308,return_instruction,,instruction_pattern_not_a_proven_function
game/spain/DATA/MODEL.MRG,53101484,return_instruction,,instruction_pattern_not_a_proven_function
game/spain/DATA/MODEL.MRG,53108740,return_instruction,,instruction_pattern_not_a_proven_function
game/spain/DATA/MODEL.MRG,53112788,return_instruction,,instruction_pattern_not_a_proven_function
game/spain/DATA/MODEL.MRG,53112836,return_instruction,,instruction_pattern_not_a_proven_function
game/spain/DATA/MODEL.MRG,53116884,return_instruction,,instruction_pattern_not_a_proven_function
game/spain/DATA/MODEL.MRG,55951364,stack_prologue,,instruction_pattern_not_a_proven_function
game/spain/DATA/MODEL.MRG,55955516,stack_prologue,,instruction_pattern_not_a_proven_function
game/spain/DATA/MODEL.MRG,55955508,return_instruction,,instruction_pattern_not_a_proven_function
game/spain/DATA/MODEL.MRG,55956948,return_instruction,,instruction_pattern_not_a_proven_function
game/spain/DATA/MODEL.MRG,58157264,stack_prologue,,instruction_pattern_not_a_proven_function
game/spain/DATA/MODEL.MRG,58161360,stack_prologue,,instruction_pattern_not_a_proven_function
game/spain/DATA/MODEL.MRG,58155012,return_instruction,,instruction_pattern_not_a_proven_function
game/spain/DATA/MODEL.MRG,58157256,return_instruction,,instruction_pattern_not_a_proven_function
game/spain/DATA/MODEL.MRG,58159108,return_instruction,,instruction_pattern_not_a_proven_function
game/spain/DATA/MODEL.MRG,58161352,return_instruction,,instruction_pattern_not_a_proven_function
game/spain/DATA/MODEL.MRG,63840260,stack_prologue,,instruction_pattern_not_a_proven_function
game/spain/DATA/MODEL.MRG,63843988,stack_prologue,,instruction_pattern_not_a_proven_function
game/spain/DATA/MODEL.MRG,63845792,stack_prologue,,instruction_pattern_not_a_proven_function
game/spain/DATA/MODEL.MRG,63847056,stack_prologue,,instruction_pattern_not_a_proven_function
game/spain/DATA/MODEL.MRG,63848424,stack_prologue,,instruction_pattern_not_a_proven_function
game/spain/DATA/MODEL.MRG,63849216,stack_prologue,,instruction_pattern_not_a_proven_function
game/spain/DATA/MODEL.MRG,63850116,stack_prologue,,instruction_pattern_not_a_proven_function
game/spain/DATA/MODEL.MRG,63860740,stack_prologue,,instruction_pattern_not_a_proven_function
game/spain/DATA/MODEL.MRG,63864468,stack_prologue,,instruction_pattern_not_a_proven_function
game/spain/DATA/MODEL.MRG,63866272,stack_prologue,,instruction_pattern_not_a_proven_function
game/spain/DATA/MODEL.MRG,63867536,stack_prologue,,instruction_pattern_not_a_proven_function
game/spain/DATA/MODEL.MRG,63868904,stack_prologue,,instruction_pattern_not_a_proven_function
game/spain/DATA/MODEL.MRG,63869696,stack_prologue,,instruction_pattern_not_a_proven_function
game/spain/DATA/MODEL.MRG,63870596,stack_prologue,,instruction_pattern_not_a_proven_function
game/spain/DATA/MODEL.MRG,63843980,return_instruction,,instruction_pattern_not_a_proven_function
game/spain/DATA/MODEL.MRG,63845784,return_instruction,,instruction_pattern_not_a_proven_function
game/spain/DATA/MODEL.MRG,63847048,return_instruction,,instruction_pattern_not_a_proven_function
game/spain/DATA/MODEL.MRG,63848416,return_instruction,,instruction_pattern_not_a_proven_function
game/spain/DATA/MODEL.MRG,63849208,return_instruction,,instruction_pattern_not_a_proven_function
game/spain/DATA/MODEL.MRG,63850108,return_instruction,,instruction_pattern_not_a_proven_function
game/spain/DATA/MODEL.MRG,63850984,return_instruction,,instruction_pattern_not_a_proven_function
game/spain/DATA/MODEL.MRG,63864460,return_instruction,,instruction_pattern_not_a_proven_function
game/spain/DATA/MODEL.MRG,63866264,return_instruction,,instruction_pattern_not_a_proven_function
game/spain/DATA/MODEL.MRG,63867528,return_instruction,,instruction_pattern_not_a_proven_function
game/spain/DATA/MODEL.MRG,63868896,return_instruction,,instruction_pattern_not_a_proven_function
game/spain/DATA/MODEL.MRG,63869688,return_instruction,,instruction_pattern_not_a_proven_function
game/spain/DATA/MODEL.MRG,63870588,return_instruction,,instruction_pattern_not_a_proven_function
game/spain/DATA/MODEL.MRG,68927492,return_instruction,,instruction_pattern_not_a_proven_function
game/spain/DATA/MODEL.MRG,68934628,return_instruction,,instruction_pattern_not_a_proven_function
game/spain/DATA/MODEL.MRG,68947972,return_instruction,,instruction_pattern_not_a_proven_function
game/spain/DATA/MODEL.MRG,68955108,return_instruction,,instruction_pattern_not_a_proven_function
game/spain/DATA/MODEL.MRG,71737348,stack_prologue,,instruction_pattern_not_a_proven_function
game/spain/DATA/MODEL.MRG,71757828,stack_prologue,,instruction_pattern_not_a_proven_function
game/spain/DATA/MODEL.MRG,71778308,stack_prologue,,instruction_pattern_not_a_proven_function
game/spain/DATA/MODEL.MRG,71755964,return_instruction,,instruction_pattern_not_a_proven_function
game/spain/DATA/MODEL.MRG,71776444,return_instruction,,instruction_pattern_not_a_proven_function
game/spain/DATA/MODEL.MRG,71782572,return_instruction,,instruction_pattern_not_a_proven_function
game/spain/DATA/MODEL.MRG,74588164,stack_prologue,,instruction_pattern_not_a_proven_function
game/spain/DATA/MODEL.MRG,74608644,stack_prologue,,instruction_pattern_not_a_proven_function
game/spain/DATA/MODEL.MRG,74592912,return_instruction,,instruction_pattern_not_a_proven_function
game/spain/DATA/MODEL.MRG,79630340,stack_prologue,,instruction_pattern_not_a_proven_function
game/spain/DATA/MODEL.MRG,79635292,return_instruction,,instruction_pattern_not_a_proven_function
game/spain/DATA/MODEL.MRG,79650820,return_instruction,,instruction_pattern_not_a_proven_function
game/spain/DATA/MODEL.MRG,79654916,return_instruction,,instruction_pattern_not_a_proven_function
game/spain/DATA/MODEL.MRG,82484424,stack_prologue,,instruction_pattern_not_a_proven_function
game/spain/DATA/MODEL.MRG,82485672,stack_prologue,,instruction_pattern_not_a_proven_function
game/spain/DATA/MODEL.MRG,82486784,stack_prologue,,instruction_pattern_not_a_proven_function
game/spain/DATA/MODEL.MRG,82487816,stack_prologue,,instruction_pattern_not_a_proven_function
game/spain/DATA/MODEL.MRG,82504904,stack_prologue,,instruction_pattern_not_a_proven_function
game/spain/DATA/MODEL.MRG,82509000,stack_prologue,,instruction_pattern_not_a_proven_function
game/spain/DATA/MODEL.MRG,82481156,return_instruction,,instruction_pattern_not_a_proven_function
game/spain/DATA/MODEL.MRG,82484416,return_instruction,,instruction_pattern_not_a_proven_function
game/spain/DATA/MODEL.MRG,82485664,return_instruction,,instruction_pattern_not_a_proven_function
game/spain/DATA/MODEL.MRG,82486776,return_instruction,,instruction_pattern_not_a_proven_function
game/spain/DATA/MODEL.MRG,82487808,return_instruction,,instruction_pattern_not_a_proven_function
game/spain/DATA/MODEL.MRG,82488904,return_instruction,,instruction_pattern_not_a_proven_function
game/spain/DATA/MODEL.MRG,82501636,return_instruction,,instruction_pattern_not_a_proven_function
game/spain/DATA/MODEL.MRG,82504896,return_instruction,,instruction_pattern_not_a_proven_function
game/spain/DATA/MODEL.MRG,82505732,return_instruction,,instruction_pattern_not_a_proven_function
game/spain/DATA/MODEL.MRG,82508992,return_instruction,,instruction_pattern_not_a_proven_function
game/spain/DATA/MODEL.MRG,88141828,stack_prologue,,instruction_pattern_not_a_proven_function
game/spain/DATA/MODEL.MRG,88162308,stack_prologue,,instruction_pattern_not_a_proven_function
game/spain/DATA/MODEL.MRG,88149252,return_instruction,,instruction_pattern_not_a_proven_function
game/spain/DATA/MODEL.MRG,88168096,return_instruction,,instruction_pattern_not_a_proven_function
game/spain/DATA/MODEL.MRG,88169732,return_instruction,,instruction_pattern_not_a_proven_function
game/spain/DATA/MODEL.MRG,98344964,stack_prologue,,instruction_pattern_not_a_proven_function
game/spain/DATA/MODEL.MRG,100569092,stack_prologue,,instruction_pattern_not_a_proven_function
game/spain/DATA/MODEL.MRG,100567228,return_instruction,,instruction_pattern_not_a_proven_function
game/spain/DATA/MODEL.MRG,100587708,return_instruction,,instruction_pattern_not_a_proven_function
game/spain/DATA/MODEL.MRG,100589572,return_instruction,,instruction_pattern_not_a_proven_function
game/spain/DATA/MODEL.MRG,100593668,return_instruction,,instruction_pattern_not_a_proven_function
game/spain/DATA/MODEL.MRG,103391236,stack_prologue,,instruction_pattern_not_a_proven_function
game/spain/DATA/MODEL.MRG,103411716,stack_prologue,,instruction_pattern_not_a_proven_function
game/spain/DATA/MODEL.MRG,103432196,stack_prologue,,instruction_pattern_not_a_proven_function
game/spain/DATA/MODEL.MRG,103395200,return_instruction,,instruction_pattern_not_a_proven_function
game/spain/DATA/MODEL.MRG,103415680,return_instruction,,instruction_pattern_not_a_proven_function
game/spain/DATA/MODEL.MRG,103439620,return_instruction,,instruction_pattern_not_a_proven_function
game/spain/DATA/MODEL.MRG,108519428,return_instruction,,instruction_pattern_not_a_proven_function
game/spain/DATA/MODEL.MRG,108521868,return_instruction,,instruction_pattern_not_a_proven_function
game/spain/DATA/MODEL.MRG,108523524,return_instruction,,instruction_pattern_not_a_proven_function
game/spain/DATA/MODEL.MRG,111341572,stack_prologue,,instruction_pattern_not_a_proven_function
game/spain/DATA/MODEL.MRG,111327348,return_instruction,,instruction_pattern_not_a_proven_function
game/spain/DATA/MODEL.MRG,111347828,return_instruction,,instruction_pattern_not_a_proven_function
game/spain/DATA/MODEL.MRG,116436228,return_instruction,,instruction_pattern_not_a_proven_function
game/spain/DATA/MODEL.MRG,119250948,stack_prologue,,instruction_pattern_not_a_proven_function
game/spain/DATA/MODEL.MRG,119265148,return_instruction,,instruction_pattern_not_a_proven_function
game/spain/DATA/MODEL.MRG,124343480,return_instruction,,instruction_pattern_not_a_proven_function
game/spain/DATA/MODEL.MRG,129404932,stack_prologue,,instruction_pattern_not_a_proven_function
game/spain/DATA/MODEL.MRG,129411192,return_instruction,,instruction_pattern_not_a_proven_function
game/spain/DATA/MODEL.MRG,129416284,return_instruction,,instruction_pattern_not_a_proven_function
game/spain/DATA/MODEL.MRG,129425412,return_instruction,,instruction_pattern_not_a_proven_function
game/spain/DATA/MODEL.MRG,129429508,return_instruction,,instruction_pattern_not_a_proven_function
game/spain/DATA/MODEL.MRG,132227076,stack_prologue,,instruction_pattern_not_a_proven_function
game/spain/DATA/MODEL.MRG,132247556,stack_prologue,,instruction_pattern_not_a_proven_function
game/spain/DATA/MODEL.MRG,132233120,return_instruction,,instruction_pattern_not_a_proven_function
game/spain/DATA/MODEL.MRG,132253600,return_instruction,,instruction_pattern_not_a_proven_function
game/spain/DATA/MODEL.MRG,134488368,stack_prologue,,instruction_pattern_not_a_proven_function
game/spain/DATA/MODEL.MRG,134489620,stack_prologue,,instruction_pattern_not_a_proven_function
game/spain/DATA/MODEL.MRG,134491368,stack_prologue,,instruction_pattern_not_a_proven_function
game/spain/DATA/MODEL.MRG,134493172,stack_prologue,,instruction_pattern_not_a_proven_function
game/spain/DATA/MODEL.MRG,134494436,stack_prologue,,instruction_pattern_not_a_proven_function
game/spain/DATA/MODEL.MRG,134495808,stack_prologue,,instruction_pattern_not_a_proven_function
game/spain/DATA/MODEL.MRG,134496600,stack_prologue,,instruction_pattern_not_a_proven_function
game/spain/DATA/MODEL.MRG,134497500,stack_prologue,,instruction_pattern_not_a_proven_function
game/spain/DATA/MODEL.MRG,134477888,return_instruction,,instruction_pattern_not_a_proven_function
game/spain/DATA/MODEL.MRG,134483972,return_instruction,,instruction_pattern_not_a_proven_function
game/spain/DATA/MODEL.MRG,134488360,return_instruction,,instruction_pattern_not_a_proven_function
game/spain/DATA/MODEL.MRG,134489612,return_instruction,,instruction_pattern_not_a_proven_function
game/spain/DATA/MODEL.MRG,134491360,return_instruction,,instruction_pattern_not_a_proven_function
game/spain/DATA/MODEL.MRG,134493164,return_instruction,,instruction_pattern_not_a_proven_function
game/spain/DATA/MODEL.MRG,134494428,return_instruction,,instruction_pattern_not_a_proven_function
game/spain/DATA/MODEL.MRG,134495800,return_instruction,,instruction_pattern_not_a_proven_function
game/spain/DATA/MODEL.MRG,134496592,return_instruction,,instruction_pattern_not_a_proven_function
game/spain/DATA/MODEL.MRG,134497492,return_instruction,,instruction_pattern_not_a_proven_function
game/spain/DATA/MODEL.MRG,134498368,return_instruction,,instruction_pattern_not_a_proven_function
game/spain/DATA/MODEL.MRG,134504452,return_instruction,,instruction_pattern_not_a_proven_function
game/spain/DATA/MODEL.MRG,134508548,return_instruction,,instruction_pattern_not_a_proven_function
game/spain/DATA/MODEL.MRG,136216580,stack_prologue,,instruction_pattern_not_a_proven_function
game/spain/DATA/MODEL.MRG,136217092,return_instruction,,instruction_pattern_not_a_proven_function
game/spain/DATA/MODEL.MRG,137326596,stack_prologue,,instruction_pattern_not_a_proven_function
game/spain/DATA/MODEL.MRG,137329096,stack_prologue,,instruction_pattern_not_a_proven_function
game/spain/DATA/MODEL.MRG,137330548,stack_prologue,,instruction_pattern_not_a_proven_function
game/spain/DATA/MODEL.MRG,137332152,stack_prologue,,instruction_pattern_not_a_proven_function
game/spain/DATA/MODEL.MRG,137333340,stack_prologue,,instruction_pattern_not_a_proven_function
game/spain/DATA/MODEL.MRG,137347076,stack_prologue,,instruction_pattern_not_a_proven_function
game/spain/DATA/MODEL.MRG,137329088,return_instruction,,instruction_pattern_not_a_proven_function
game/spain/DATA/MODEL.MRG,137330540,return_instruction,,instruction_pattern_not_a_proven_function
game/spain/DATA/MODEL.MRG,137332144,return_instruction,,instruction_pattern_not_a_proven_function
game/spain/DATA/MODEL.MRG,137333332,return_instruction,,instruction_pattern_not_a_proven_function
game/spain/DATA/MODEL.MRG,137334432,return_instruction,,instruction_pattern_not_a_proven_function
game/spain/DATA/MODEL.MRG,139010052,return_instruction,,instruction_pattern_not_a_proven_function
game/spain/DATA/MODEL.MRG,139030532,return_instruction,,instruction_pattern_not_a_proven_function
game/spain/DATA/MODEL.MRG,142393348,stack_prologue,,instruction_pattern_not_a_proven_function
game/spain/DATA/MODEL.MRG,142413828,stack_prologue,,instruction_pattern_not_a_proven_function
game/spain/DATA/MODEL.MRG,142434308,stack_prologue,,instruction_pattern_not_a_proven_function
game/spain/DATA/MODEL.MRG,142400772,return_instruction,,instruction_pattern_not_a_proven_function
game/spain/DATA/MODEL.MRG,142409180,return_instruction,,instruction_pattern_not_a_proven_function
game/spain/DATA/MODEL.MRG,142421252,return_instruction,,instruction_pattern_not_a_proven_function
game/spain/DATA/MODEL.MRG,142429660,return_instruction,,instruction_pattern_not_a_proven_function
game/spain/DATA/MODEL.MRG,142441444,return_instruction,,instruction_pattern_not_a_proven_function
game/spain/DATA/MODEL.MRG,145235972,stack_prologue,,instruction_pattern_not_a_proven_function
game/spain/DATA/MODEL.MRG,145239388,stack_prologue,,instruction_pattern_not_a_proven_function
game/spain/DATA/MODEL.MRG,145240500,stack_prologue,,instruction_pattern_not_a_proven_function
game/spain/DATA/MODEL.MRG,145242908,stack_prologue,,instruction_pattern_not_a_proven_function
game/spain/DATA/MODEL.MRG,145244976,stack_prologue,,instruction_pattern_not_a_proven_function
game/spain/DATA/MODEL.MRG,145246256,stack_prologue,,instruction_pattern_not_a_proven_function
game/spain/DATA/MODEL.MRG,145248288,stack_prologue,,instruction_pattern_not_a_proven_function
game/spain/DATA/MODEL.MRG,145256452,stack_prologue,,instruction_pattern_not_a_proven_function
game/spain/DATA/MODEL.MRG,145259868,stack_prologue,,instruction_pattern_not_a_proven_function
game/spain/DATA/MODEL.MRG,145260980,stack_prologue,,instruction_pattern_not_a_proven_function
game/spain/DATA/MODEL.MRG,145263388,stack_prologue,,instruction_pattern_not_a_proven_function
game/spain/DATA/MODEL.MRG,145265456,stack_prologue,,instruction_pattern_not_a_proven_function
game/spain/DATA/MODEL.MRG,145239380,return_instruction,,instruction_pattern_not_a_proven_function
game/spain/DATA/MODEL.MRG,145240492,return_instruction,,instruction_pattern_not_a_proven_function
game/spain/DATA/MODEL.MRG,145242900,return_instruction,,instruction_pattern_not_a_proven_function
game/spain/DATA/MODEL.MRG,145244968,return_instruction,,instruction_pattern_not_a_proven_function
game/spain/DATA/MODEL.MRG,145246248,return_instruction,,instruction_pattern_not_a_proven_function
game/spain/DATA/MODEL.MRG,145248280,return_instruction,,instruction_pattern_not_a_proven_function
game/spain/DATA/MODEL.MRG,145249480,return_instruction,,instruction_pattern_not_a_proven_function
game/spain/DATA/MODEL.MRG,145259860,return_instruction,,instruction_pattern_not_a_proven_function
game/spain/DATA/MODEL.MRG,145260972,return_instruction,,instruction_pattern_not_a_proven_function
game/spain/DATA/MODEL.MRG,145263380,return_instruction,,instruction_pattern_not_a_proven_function
game/spain/DATA/MODEL.MRG,145265448,return_instruction,,instruction_pattern_not_a_proven_function
game/spain/DATA/MODEL.MRG,146386948,stack_prologue,,instruction_pattern_not_a_proven_function
game/spain/DATA/MODEL.MRG,146389448,stack_prologue,,instruction_pattern_not_a_proven_function
game/spain/DATA/MODEL.MRG,146390900,stack_prologue,,instruction_pattern_not_a_proven_function
game/spain/DATA/MODEL.MRG,146392504,stack_prologue,,instruction_pattern_not_a_proven_function
game/spain/DATA/MODEL.MRG,146393692,stack_prologue,,instruction_pattern_not_a_proven_function
game/spain/DATA/MODEL.MRG,146389440,return_instruction,,instruction_pattern_not_a_proven_function
game/spain/DATA/MODEL.MRG,146390892,return_instruction,,instruction_pattern_not_a_proven_function
game/spain/DATA/MODEL.MRG,146392496,return_instruction,,instruction_pattern_not_a_proven_function
game/spain/DATA/MODEL.MRG,146393684,return_instruction,,instruction_pattern_not_a_proven_function
game/spain/DATA/MODEL.MRG,146394784,return_instruction,,instruction_pattern_not_a_proven_function
game/spain/DATA/MODEL.MRG,147487004,stack_prologue,,instruction_pattern_not_a_proven_function
game/spain/DATA/MODEL.MRG,147488196,stack_prologue,,instruction_pattern_not_a_proven_function
game/spain/DATA/MODEL.MRG,147486996,return_instruction,,instruction_pattern_not_a_proven_function
game/spain/DATA/MODEL.MRG,147488188,return_instruction,,instruction_pattern_not_a_proven_function
game/spain/DATA/MODEL.MRG,150311468,stack_prologue,,instruction_pattern_not_a_proven_function
game/spain/DATA/MODEL.MRG,150323204,stack_prologue,,instruction_pattern_not_a_proven_function
game/spain/DATA/MODEL.MRG,150326320,stack_prologue,,instruction_pattern_not_a_proven_function
game/spain/DATA/MODEL.MRG,150327712,stack_prologue,,instruction_pattern_not_a_proven_function
game/spain/DATA/MODEL.MRG,150329304,stack_prologue,,instruction_pattern_not_a_proven_function
game/spain/DATA/MODEL.MRG,150330472,stack_prologue,,instruction_pattern_not_a_proven_function
game/spain/DATA/MODEL.MRG,150331948,stack_prologue,,instruction_pattern_not_a_proven_function
game/spain/DATA/MODEL.MRG,150343684,stack_prologue,,instruction_pattern_not_a_proven_function
game/spain/DATA/MODEL.MRG,150346800,stack_prologue,,instruction_pattern_not_a_proven_function
game/spain/DATA/MODEL.MRG,150348192,stack_prologue,,instruction_pattern_not_a_proven_function
game/spain/DATA/MODEL.MRG,150349784,stack_prologue,,instruction_pattern_not_a_proven_function
game/spain/DATA/MODEL.MRG,150350952,stack_prologue,,instruction_pattern_not_a_proven_function
game/spain/DATA/MODEL.MRG,150352428,stack_prologue,,instruction_pattern_not_a_proven_function
game/spain/DATA/MODEL.MRG,150311460,return_instruction,,instruction_pattern_not_a_proven_function
game/spain/DATA/MODEL.MRG,150313020,return_instruction,,instruction_pattern_not_a_proven_function
game/spain/DATA/MODEL.MRG,150323716,return_instruction,,instruction_pattern_not_a_proven_function
game/spain/DATA/MODEL.MRG,150326312,return_instruction,,instruction_pattern_not_a_proven_function
game/spain/DATA/MODEL.MRG,150327704,return_instruction,,instruction_pattern_not_a_proven_function
game/spain/DATA/MODEL.MRG,150329296,return_instruction,,instruction_pattern_not_a_proven_function
game/spain/DATA/MODEL.MRG,150330464,return_instruction,,instruction_pattern_not_a_proven_function
game/spain/DATA/MODEL.MRG,150331940,return_instruction,,instruction_pattern_not_a_proven_function
game/spain/DATA/MODEL.MRG,150333500,return_instruction,,instruction_pattern_not_a_proven_function
game/spain/DATA/MODEL.MRG,150344196,return_instruction,,instruction_pattern_not_a_proven_function
game/spain/DATA/MODEL.MRG,150346792,return_instruction,,instruction_pattern_not_a_proven_function
game/spain/DATA/MODEL.MRG,150348184,return_instruction,,instruction_pattern_not_a_proven_function
game/spain/DATA/MODEL.MRG,150349776,return_instruction,,instruction_pattern_not_a_proven_function
game/spain/DATA/MODEL.MRG,150350944,return_instruction,,instruction_pattern_not_a_proven_function
game/spain/DATA/MODEL.MRG,150352420,return_instruction,,instruction_pattern_not_a_proven_function
game/spain/DATA/MODEL.MRG,153165828,stack_prologue,,instruction_pattern_not_a_proven_function
game/spain/DATA/MODEL.MRG,153175316,return_instruction,,instruction_pattern_not_a_proven_function
game/spain/DATA/MODEL.MRG,155410436,return_instruction,,instruction_pattern_not_a_proven_function
game/spain/DATA/MODEL.MRG,155414532,return_instruction,,instruction_pattern_not_a_proven_function
game/spain/DATA/MODEL.MRG,243040644,stack_prologue,,instruction_pattern_not_a_proven_function
game/spain/DATA/MODEL.MRG,243040636,return_instruction,,instruction_pattern_not_a_proven_function
game/spain/DATA/MODEL.MRG,277263292,stack_prologue,,instruction_pattern_not_a_proven_function
game/spain/DATA/MODEL.MRG,297291780,stack_prologue,,instruction_pattern_not_a_proven_function
game/spain/DATA/MODEL.MRG,297294464,return_instruction,,instruction_pattern_not_a_proven_function
game/spain/DATA/MODEL.MRG,297312260,return_instruction,,instruction_pattern_not_a_proven_function
game/spain/DATA/MODEL.MRG,301817860,stack_prologue,,instruction_pattern_not_a_proven_function
game/spain/DATA/MODEL.MRG,301838340,stack_prologue,,instruction_pattern_not_a_proven_function
game/spain/DATA/MODEL.MRG,301827404,return_instruction,,instruction_pattern_not_a_proven_function
game/spain/DATA/MODEL.MRG,344434124,stack_prologue,,instruction_pattern_not_a_proven_function
game/spain/DATA/MODEL.MRG,344476400,stack_prologue,,instruction_pattern_not_a_proven_function
game/spain/DATA/WA_MRG.MRG,20744264,stack_prologue,,instruction_pattern_not_a_proven_function
game/spain/DATA/WA_MRG.MRG,20744448,stack_prologue,,instruction_pattern_not_a_proven_function
game/spain/DATA/WA_MRG.MRG,20745184,stack_prologue,,instruction_pattern_not_a_proven_function
game/spain/DATA/WA_MRG.MRG,20745900,stack_prologue,,instruction_pattern_not_a_proven_function
game/spain/DATA/WA_MRG.MRG,20746828,stack_prologue,,instruction_pattern_not_a_proven_function
game/spain/DATA/WA_MRG.MRG,20747240,stack_prologue,,instruction_pattern_not_a_proven_function
game/spain/DATA/WA_MRG.MRG,20747580,stack_prologue,,instruction_pattern_not_a_proven_function
game/spain/DATA/WA_MRG.MRG,20747624,stack_prologue,,instruction_pattern_not_a_proven_function
game/spain/DATA/WA_MRG.MRG,20747804,stack_prologue,,instruction_pattern_not_a_proven_function
game/spain/DATA/WA_MRG.MRG,20749536,stack_prologue,,instruction_pattern_not_a_proven_function
game/spain/DATA/WA_MRG.MRG,20750168,stack_prologue,,instruction_pattern_not_a_proven_function
game/spain/DATA/WA_MRG.MRG,20750844,stack_prologue,,instruction_pattern_not_a_proven_function
game/spain/DATA/WA_MRG.MRG,20750984,stack_prologue,,instruction_pattern_not_a_proven_function
game/spain/DATA/WA_MRG.MRG,20751220,stack_prologue,,instruction_pattern_not_a_proven_function
game/spain/DATA/WA_MRG.MRG,20751736,stack_prologue,,instruction_pattern_not_a_proven_function
game/spain/DATA/WA_MRG.MRG,20752188,stack_prologue,,instruction_pattern_not_a_proven_function
game/spain/DATA/WA_MRG.MRG,20744244,return_instruction,,instruction_pattern_not_a_proven_function
game/spain/DATA/WA_MRG.MRG,20744256,return_instruction,,instruction_pattern_not_a_proven_function
game/spain/DATA/WA_MRG.MRG,20744356,return_instruction,,instruction_pattern_not_a_proven_function
game/spain/DATA/WA_MRG.MRG,20744396,return_instruction,,instruction_pattern_not_a_proven_function
game/spain/DATA/WA_MRG.MRG,20744416,return_instruction,,instruction_pattern_not_a_proven_function
game/spain/DATA/WA_MRG.MRG,20744440,return_instruction,,instruction_pattern_not_a_proven_function
game/spain/DATA/WA_MRG.MRG,20745176,return_instruction,,instruction_pattern_not_a_proven_function
game/spain/DATA/WA_MRG.MRG,20745884,return_instruction,,instruction_pattern_not_a_proven_function
game/spain/DATA/WA_MRG.MRG,20745892,return_instruction,,instruction_pattern_not_a_proven_function
game/spain/DATA/WA_MRG.MRG,20746820,return_instruction,,instruction_pattern_not_a_proven_function
game/spain/DATA/WA_MRG.MRG,20747232,return_instruction,,instruction_pattern_not_a_proven_function
game/spain/DATA/WA_MRG.MRG,20747564,return_instruction,,instruction_pattern_not_a_proven_function
game/spain/DATA/WA_MRG.MRG,20747616,return_instruction,,instruction_pattern_not_a_proven_function
game/spain/DATA/WA_MRG.MRG,20747796,return_instruction,,instruction_pattern_not_a_proven_function
game/spain/DATA/WA_MRG.MRG,20748136,return_instruction,,instruction_pattern_not_a_proven_function
game/spain/DATA/WA_MRG.MRG,20748328,return_instruction,,instruction_pattern_not_a_proven_function
game/spain/DATA/WA_MRG.MRG,20748344,return_instruction,,instruction_pattern_not_a_proven_function
game/spain/DATA/WA_MRG.MRG,20749528,return_instruction,,instruction_pattern_not_a_proven_function
game/spain/DATA/WA_MRG.MRG,20750160,return_instruction,,instruction_pattern_not_a_proven_function
game/spain/DATA/WA_MRG.MRG,20750836,return_instruction,,instruction_pattern_not_a_proven_function
game/spain/DATA/WA_MRG.MRG,20750976,return_instruction,,instruction_pattern_not_a_proven_function
game/spain/DATA/WA_MRG.MRG,20751212,return_instruction,,instruction_pattern_not_a_proven_function
game/spain/DATA/WA_MRG.MRG,20751728,return_instruction,,instruction_pattern_not_a_proven_function
game/spain/DATA/WA_MRG.MRG,20752180,return_instruction,,instruction_pattern_not_a_proven_function
game/spain/DATA/WA_MRG.MRG,20752236,return_instruction,,instruction_pattern_not_a_proven_function
game/spain/DATA/WA_MRG.MRG,21280840,stack_prologue,,instruction_pattern_not_a_proven_function
game/spain/DATA/WA_MRG.MRG,21281024,stack_prologue,,instruction_pattern_not_a_proven_function
game/spain/DATA/WA_MRG.MRG,21281760,stack_prologue,,instruction_pattern_not_a_proven_function
game/spain/DATA/WA_MRG.MRG,21282476,stack_prologue,,instruction_pattern_not_a_proven_function
game/spain/DATA/WA_MRG.MRG,21283404,stack_prologue,,instruction_pattern_not_a_proven_function
game/spain/DATA/WA_MRG.MRG,21283816,stack_prologue,,instruction_pattern_not_a_proven_function
game/spain/DATA/WA_MRG.MRG,21284156,stack_prologue,,instruction_pattern_not_a_proven_function
game/spain/DATA/WA_MRG.MRG,21284200,stack_prologue,,instruction_pattern_not_a_proven_function
game/spain/DATA/WA_MRG.MRG,21284380,stack_prologue,,instruction_pattern_not_a_proven_function
game/spain/DATA/WA_MRG.MRG,21286112,stack_prologue,,instruction_pattern_not_a_proven_function
game/spain/DATA/WA_MRG.MRG,21286744,stack_prologue,,instruction_pattern_not_a_proven_function
game/spain/DATA/WA_MRG.MRG,21287420,stack_prologue,,instruction_pattern_not_a_proven_function
game/spain/DATA/WA_MRG.MRG,21287560,stack_prologue,,instruction_pattern_not_a_proven_function
game/spain/DATA/WA_MRG.MRG,21287796,stack_prologue,,instruction_pattern_not_a_proven_function
game/spain/DATA/WA_MRG.MRG,21288312,stack_prologue,,instruction_pattern_not_a_proven_function
game/spain/DATA/WA_MRG.MRG,21288764,stack_prologue,,instruction_pattern_not_a_proven_function
game/spain/DATA/WA_MRG.MRG,21280820,return_instruction,,instruction_pattern_not_a_proven_function
game/spain/DATA/WA_MRG.MRG,21280832,return_instruction,,instruction_pattern_not_a_proven_function
game/spain/DATA/WA_MRG.MRG,21280932,return_instruction,,instruction_pattern_not_a_proven_function
game/spain/DATA/WA_MRG.MRG,21280972,return_instruction,,instruction_pattern_not_a_proven_function
game/spain/DATA/WA_MRG.MRG,21280992,return_instruction,,instruction_pattern_not_a_proven_function
game/spain/DATA/WA_MRG.MRG,21281016,return_instruction,,instruction_pattern_not_a_proven_function
game/spain/DATA/WA_MRG.MRG,21281752,return_instruction,,instruction_pattern_not_a_proven_function
game/spain/DATA/WA_MRG.MRG,21282460,return_instruction,,instruction_pattern_not_a_proven_function
game/spain/DATA/WA_MRG.MRG,21282468,return_instruction,,instruction_pattern_not_a_proven_function
game/spain/DATA/WA_MRG.MRG,21283396,return_instruction,,instruction_pattern_not_a_proven_function
game/spain/DATA/WA_MRG.MRG,21283808,return_instruction,,instruction_pattern_not_a_proven_function
game/spain/DATA/WA_MRG.MRG,21284140,return_instruction,,instruction_pattern_not_a_proven_function
game/spain/DATA/WA_MRG.MRG,21284192,return_instruction,,instruction_pattern_not_a_proven_function
game/spain/DATA/WA_MRG.MRG,21284372,return_instruction,,instruction_pattern_not_a_proven_function
game/spain/DATA/WA_MRG.MRG,21284712,return_instruction,,instruction_pattern_not_a_proven_function
game/spain/DATA/WA_MRG.MRG,21284904,return_instruction,,instruction_pattern_not_a_proven_function
game/spain/DATA/WA_MRG.MRG,21284920,return_instruction,,instruction_pattern_not_a_proven_function
game/spain/DATA/WA_MRG.MRG,21286104,return_instruction,,instruction_pattern_not_a_proven_function
game/spain/DATA/WA_MRG.MRG,21286736,return_instruction,,instruction_pattern_not_a_proven_function
game/spain/DATA/WA_MRG.MRG,21287412,return_instruction,,instruction_pattern_not_a_proven_function
game/spain/DATA/WA_MRG.MRG,21287552,return_instruction,,instruction_pattern_not_a_proven_function
game/spain/DATA/WA_MRG.MRG,21287788,return_instruction,,instruction_pattern_not_a_proven_function
game/spain/DATA/WA_MRG.MRG,21288304,return_instruction,,instruction_pattern_not_a_proven_function
game/spain/DATA/WA_MRG.MRG,21288756,return_instruction,,instruction_pattern_not_a_proven_function
game/spain/DATA/WA_MRG.MRG,21288812,return_instruction,,instruction_pattern_not_a_proven_function
game/spain/DATA/WA_MRG.MRG,36574880,stack_prologue,,instruction_pattern_not_a_proven_function
game/spain/DATA/WA_MRG.MRG,36578976,stack_prologue,,instruction_pattern_not_a_proven_function
game/spain/DATA/WA_MRG.MRG,36583072,stack_prologue,,instruction_pattern_not_a_proven_function
