function,attempt,source_set_sha256,profile,result,instruction_bytes,different_words,reason
func_8013B860,01,3dc44a53812a7da6811f14e68e6041348526bc251b76429321f01dee602d37c7,gcc_2_8_1_g0_split,compile_error,,,Compile rejected: libgs requires prior libgpu packet declarations; canonical ordering-table prototype also absent.
func_8013B860,02,d950bb90bea6702ea24c1ec05cabf389571ce80563b4f8a2064c20c06d847c1d,gcc_2_8_1_g0_split,nonmatching,940,22,Same940byte size/272frame but22worddifferences solely from swapped s7/s8 work/ring allocation.
func_8013B860,03,bb39f5abd5c59fb1c8cfb502ef85153f10ed16eb43448a1b734f444d15e44834,gcc_2_8_1_g0_split,matched,940,0,Opaque context argument and locally declared work pointer restore retail allocation; all940bytes exact.
func_8017B9B0,01,5f88dceafd727c430f4d34479c3e1b128e83497ca33f15521b5c6168dc3c2e4e,gcc_2_8_1_g0_split,nonmatching,1080,204,"1080bytes/288frame; two frame-first comparisons change load scheduling and remove two delay nops, shifting the remaining body."
func_8017B9B0,02,86a99d1e0827c73558af3ece91eddd58d9d48f5df4c40149c4f95595fee6a37d,gcc_2_8_1_g0_split,matched,1088,0,Timing-first operand order at both comparisons restores all1088instruction bytes exactly.
func_8017C760,01,45fc82f2569001724249721ac0ea7c559a3169f8006b727b5cf289f9378014d1,gcc_2_8_1_g0_split,compile_error,,,"Compile rejected: canonical setXY2/setXY3 are multi-vertex macros, not individual-coordinate setters."
func_8017C760,02,217d6bd59f3458b59d3a083597850a57b35a218f4d2f573269eb4c5b727a7bc1,gcc_2_8_1_g0_split,unverified_binding,,,Compiled successfully but linking deliberately blocked: canonical RotTransPers3 had no verified resident binding in the probe.
func_8017C760,03,217d6bd59f3458b59d3a083597850a57b35a218f4d2f573269eb4c5b727a7bc1,gcc_2_8_1_g0_split,nonmatching,1500,77,"1500 bytes/256-byte frame, 77 aligned word differences. Trig call order was reversed; projected high halves need signed packed-word shifts, quad initialization scheduling differs, and point-pointer/step expressions differ."
func_8017C760,04,cb4b018cfe83be08c6e84d5c8b132504fd7cb7304603b34c33fb9161d4a0cbfa,gcc_2_8_1_g0_split,nonmatching,1496,296,"1496 bytes/256-byte frame. Correct calls and packed projection loads; outer pointer add operands reversed, inner pointer increment folded away, and step read narrowed to lhu. One missing instruction shifts the suffix."
func_8017C760,05,b42104f42657f2de8ecbb3057bcf9e5d7f74fd91ceb01b6c752cb130963cb8b8,gcc_2_8_1_g0_split,matched,1500,0,"1500 bytes/256-byte frame, all bytes exact. Index-first pointer expressions and multiplication by 128 restore target pointer instructions and full-width step load."
