module,donor,replaced,sectors,donor_sector,load_address,sha256,c_functions,c_bytes
french_model_variant_0_stage10_slot1,spanish_model_variant_0_stage10_slot1,french_model_image_model_210_8017b000,210,210,0x8017B000,6773d536ed9f6c62822fb0fe66aa8930947c91cac4c1416b945e10ce1754fa6a,2,2424
french_model_variant_0_stage7_slot0,spanish_model_variant_0_stage7_slot0,french_model_image_model_180_8013b000,180,180,0x8013B000,cc3e9e8318638a564f7c26bfeeeb98b49dfef641d09efea56d094f08686f965f,2,2428
french_model_variant_0_stage8_slot1,spanish_model_variant_0_stage8_slot1,french_model_image_model_190_8017b000,190,190,0x8017B000,8469fd280fe21313b17f5c4ca61c90e3b9c5a68c2b34e1e46223e3d044fb0bbf,2,2428
french_model_variant_0_stage9_slot0,spanish_model_variant_0_stage9_slot0,french_model_image_model_200_8013b000,200,200,0x8013B000,308922ff8d8bd0358f1c6ad08d546d761baf11db70814d3ef881388aadc23609,2,2424
french_model_variant_103_stage10_slot1,spanish_model_variant_103_stage10_slot1,french_model_image_model_28638_8017b000,28638,28638,0x8017B000,5c57f637b21a637c274d019e6b9056c4c238a0e40ce726ccb161c1e25e1873b7,1,1632
french_model_variant_103_stage9_slot0,spanish_model_variant_103_stage9_slot0,french_model_image_model_28628_8013b000,28628,28628,0x8013B000,afa3cd8a5cc90ef290867a3185dafc5a5beb6c7468dacb3fc3744de7a52daa31,1,1632
french_model_variant_117_stage10_slot1,spanish_model_variant_117_stage10_slot1,french_model_image_model_32502_8017b000,32502,32502,0x8017B000,78aa61245708a91842ce770a207668a080fe8c9f8d7a6623e65eada59841251a,1,1128
french_model_variant_117_stage9_slot0,spanish_model_variant_117_stage9_slot0,french_model_image_model_32492_8013b000,32492,32492,0x8013B000,5f36ffe31b555f3366c9ab66eb17bf1a5d70fc0f3ab2067ff96d38d76e852820,1,1128
french_model_variant_121_stage7_slot0,spanish_model_variant_121_stage7_slot0,french_model_image_model_33576_8013b000,33576,33576,0x8013B000,27b469ad27658fb55dc38f908e103a53b7e2a1dec830e21f73c82b1bc3eb5d8e,2,2424
french_model_variant_121_stage8_slot1,spanish_model_variant_121_stage8_slot1,french_model_image_model_33586_8017b000,33586,33586,0x8017B000,5ab6a234280c641f7b558e096dd2a335d96dc9dca2d9a410ab50b44ae9fa52af,2,2424
french_model_variant_129_stage10_slot1,spanish_model_variant_129_stage10_slot1,french_model_image_model_35814_8017b000,35814,35814,0x8017B000,099d2da46e36044e8d38180072ab257388ca67ae0afb11c5da854fe5da1671f9,1,1108
french_model_variant_129_stage9_slot0,spanish_model_variant_129_stage9_slot0,french_model_image_model_35804_8013b000,35804,35804,0x8013B000,d95eb39f7d8ec7e211e7e5d733f47940398dfb833de3d20f64b544b71b59fd7d,1,1108
french_model_variant_134_stage10_slot1,spanish_model_variant_134_stage10_slot1,french_model_image_model_37194_8017b000,37194,37194,0x8017B000,e35c521977705cc9d1a57ab3a1398fcb3c257458b64f903f9bab7d5667d4b078,2,3008
french_model_variant_134_stage9_slot0,spanish_model_variant_134_stage9_slot0,french_model_image_model_37184_8013b000,37184,37184,0x8013B000,822df3ce769947d5cfb5aad1e0bbbac61fc7d4262d64e43312fcc672bc425ea6,2,3008
french_model_variant_146_stage10_slot1,spanish_model_variant_146_stage10_slot1,french_model_image_model_40506_8017b000,40506,40506,0x8017B000,d027809b51bbb68c09fd741c882fafda9b6f03a02243e0cffdb775cf7b9db9bf,3,4144
french_model_variant_146_stage9_slot0,spanish_model_variant_146_stage9_slot0,french_model_image_model_40496_8013b000,40496,40496,0x8013B000,b18a7100da6117a0b01350bfbb4b9d5742e3ce619e6e38ae0a19f54bbe2223bd,3,4144
french_model_variant_147_stage7_slot0,spanish_model_variant_147_stage7_slot0,french_model_image_model_40752_8013b000,40752,40752,0x8013B000,615ad3c0f7bcd5d2b41d5bffdca56b247f8bd4ff25d882fef9c8dedce7b8e013,2,3272
french_model_variant_147_stage8_slot1,spanish_model_variant_147_stage8_slot1,french_model_image_model_40762_8017b000,40762,40762,0x8017B000,8c697b695065d9546aeefb275c387e98faf836c97586443f5669697fd47c7cfa,2,3272
french_model_variant_149_stage7_slot0,spanish_model_variant_149_stage7_slot0,french_model_image_model_41304_8013b000,41304,41304,0x8013B000,c180bf5e199a4596fd7c6f72f6c1e99f066510f575138ab7ee0e8578271887ab,3,3604
french_model_variant_149_stage8_slot1,spanish_model_variant_149_stage8_slot1,french_model_image_model_41314_8017b000,41314,41314,0x8017B000,0e35880adbb31ec0692bed3cecfb285096968aa0fde51e3b84174fdff53be871,3,3604
french_model_variant_166_stage7_slot0,spanish_model_variant_166_stage7_slot0,french_model_image_model_45996_8013b000,45996,45996,0x8013B000,29965892ed4fc8d36836fe01fd9ac3917fda6d5b88badb73eebfb5595ae4d64a,5,7772
french_model_variant_166_stage8_slot1,spanish_model_variant_166_stage8_slot1,french_model_image_model_46006_8017b000,46006,46006,0x8017B000,f5262548568ff2358a59932366eaba23b1e35f398e5ca208b70b9c71f3e6816e,5,7772
french_model_variant_170_stage7_slot0,spanish_model_variant_170_stage7_slot0,french_model_image_model_47100_8013b000,47100,47100,0x8013B000,e7afe988725314dd7500841a1aad0a9018e5b9b762e4cfa23bb9487c29ced128,3,4256
french_model_variant_170_stage8_slot1,spanish_model_variant_170_stage8_slot1,french_model_image_model_47110_8017b000,47110,47110,0x8017B000,3b03e9e44ce914e6517ec9f57ce5c34e0adf0b6fba3b5453b26370ab04965875,3,4256
french_model_variant_175_stage10_slot1,spanish_model_variant_175_stage10_slot1,french_model_image_model_48510_8017b000,48510,48510,0x8017B000,521483b87097907cccdb380c693d9623c7128a6fb2a541ff8628b994f616dd45,1,1608
french_model_variant_175_stage7_slot0,spanish_model_variant_175_stage7_slot0,french_model_image_model_48480_8013b000,48480,48480,0x8013B000,09047e2d65f7c9dade8979e65c5706cca7cf321693607e94bc823dc59aa7359e,3,4008
french_model_variant_175_stage8_slot1,spanish_model_variant_175_stage8_slot1,french_model_image_model_48490_8017b000,48490,48490,0x8017B000,3338f4973cb2625101dc0230d2a2eb55b69876578dea085215949eb077b740fc,3,4008
french_model_variant_175_stage9_slot0,spanish_model_variant_175_stage9_slot0,french_model_image_model_48500_8013b000,48500,48500,0x8013B000,deed68f2c6d28ce1512f450e9987639700db55846bb6446e1be0523e6aae3b84,1,1608
french_model_variant_182_stage10_slot1,spanish_model_variant_182_stage10_slot1,french_model_image_model_50442_8017b000,50442,50442,0x8017B000,0a8b3926757ab64167795184353d3f7dad756bb2413853b2903e96405a4cc247,3,4008
french_model_variant_182_stage9_slot0,spanish_model_variant_182_stage9_slot0,french_model_image_model_50432_8013b000,50432,50432,0x8013B000,51cd497bd440bca2d02fccbf54e382cfd55522f0061182c3657f894a69fd6816,3,4008
french_model_variant_211_stage7_slot0,spanish_model_variant_211_stage7_slot0,french_model_image_model_58416_8013b000,58416,58416,0x8013B000,a57155547ffbe80ddbcb7e1d4f168d94973d321b678a21ba7f96a7525615516e,2,3272
french_model_variant_211_stage8_slot1,spanish_model_variant_211_stage8_slot1,french_model_image_model_58426_8017b000,58426,58426,0x8017B000,650da48789dd8268a97739d02118398060079aae7067cd90fdc50ae47e237779,2,3272
french_model_variant_231_stage10_slot1,spanish_model_variant_231_stage10_slot1,french_model_image_model_63966_8017b000,63966,63966,0x8017B000,9df4ab86c5a498a765dca0c0b676c2c47222f4442ffda2779122a6394003ee50,1,1468
french_model_variant_231_stage9_slot0,spanish_model_variant_231_stage9_slot0,french_model_image_model_63956_8013b000,63956,63956,0x8013B000,f982799b8e065209e8219a89638076c786d26752c05a6d4fdc4cd52926fe325e,1,1468
french_model_variant_232_stage10_slot1,spanish_model_variant_232_stage10_slot1,french_model_image_model_64242_8017b000,64242,64242,0x8017B000,ac76a662910b3559e272f7dceb061286f30a8ec573e5d5807750a3e50b2aff85,2,3008
french_model_variant_232_stage9_slot0,spanish_model_variant_232_stage9_slot0,french_model_image_model_64232_8013b000,64232,64232,0x8013B000,ad5a5c6b5e3ae8730d68a444bbec56c30d54c3eefefd03deb4f1c3932099b64f,2,3008
french_model_variant_235_stage10_slot1,spanish_model_variant_235_stage10_slot1,french_model_image_model_65070_8017b000,65070,65070,0x8017B000,3ce581b65de0bebdb3f31c6c282b6451dbfa7eb34cb4499460e05006e4d08cf0,1,1396
french_model_variant_235_stage9_slot0,spanish_model_variant_235_stage9_slot0,french_model_image_model_65060_8013b000,65060,65060,0x8013B000,0102b8f12b55a1b4a0493e69a5c94e677d143d79abb6e1ddcf13aafc9578678f,1,1396
french_model_variant_238_stage7_slot0,spanish_model_variant_238_stage7_slot0,french_model_image_model_65868_8013b000,65868,65868,0x8013B000,3dc48063e1461fa2648ca64eb146fc38c0779f2c6f17fb22c1b21bae46457775,1,1468
french_model_variant_244_stage7_slot0,spanish_model_variant_244_stage7_slot0,french_model_image_model_67524_8013b000,67524,67524,0x8013B000,68d5fa859cd64683a9970520c48f93b390e27c9e6cd45f9f7838a204c969d406,3,4008
french_model_variant_244_stage8_slot1,spanish_model_variant_244_stage8_slot1,french_model_image_model_67534_8017b000,67534,67534,0x8017B000,591b7a4f430ee45bf9706d5dd1baa44cd0644362c56dfc1f89e18d442c4c0865,3,4008
french_model_variant_262_stage7_slot0,spanish_model_variant_262_stage7_slot0,french_model_image_model_72492_8013b000,72492,72492,0x8013B000,59db1311833f53dad3598fe90ce5c339212ef1bb4f1d089ca233cc0676246bef,1,1128
french_model_variant_262_stage8_slot1,spanish_model_variant_262_stage8_slot1,french_model_image_model_72502_8017b000,72502,72502,0x8017B000,830a989adf4d3d047e886ee5a873864c0c860873d705eb0231e84ab408a68013,1,1128
french_model_variant_263_stage10_slot1,spanish_model_variant_263_stage10_slot1,french_model_image_model_72798_8017b000,72798,72798,0x8017B000,4458eb485e7fdf0e9311662cce94f2b2af406d8c49d9e24f584be6626a2e9faf,2,3272
french_model_variant_263_stage9_slot0,spanish_model_variant_263_stage9_slot0,french_model_image_model_72788_8013b000,72788,72788,0x8013B000,b48ca7727defcc2a59872fe5b24f1c4e4236451471ec96d6ed8076a115fd4a37,2,3272
french_model_variant_272_stage10_slot1,spanish_model_variant_272_stage10_slot1,french_model_image_model_75282_8017b000,75282,75282,0x8017B000,50450f7cc8ff97c0302b493c1f344164163f14791d359037eae26c30b4b1de50,2,2440
french_model_variant_272_stage9_slot0,spanish_model_variant_272_stage9_slot0,french_model_image_model_75272_8013b000,75272,75272,0x8013B000,3b8ea608c0cb61ad7dc71167adce3f64557d9b51da3dc02fe604c190f76e7a25,2,2440
french_model_variant_354_stage7_slot0,spanish_model_variant_354_stage7_slot0,french_model_image_model_84084_8013b000,84084,84084,0x8013B000,c317e9af763a242ef9ff40ea8d05460a8617da447dc3fee33965a1bfddfcc19b,2,3008
french_model_variant_354_stage8_slot1,spanish_model_variant_354_stage8_slot1,french_model_image_model_84094_8017b000,84094,84094,0x8017B000,f325c6f0377254a1d04ac43ae440252ff833c6376e1c9bac5a1bf4d1181bf119,2,3008
french_model_variant_360_stage7_slot0,spanish_model_variant_360_stage7_slot0,french_model_image_model_85740_8013b000,85740,85740,0x8013B000,359445734f29ade76538b15af08a9a919ed4f71749044bd7ccde921f68eae195,5,7772
french_model_variant_360_stage8_slot1,spanish_model_variant_360_stage8_slot1,french_model_image_model_85750_8017b000,85750,85750,0x8017B000,a79d8204cb51ccb8ae43ff4b99754dbbde20a7d6c85d10c313245aadf5af9d36,5,7772
french_model_variant_364_stage10_slot1,spanish_model_variant_364_stage10_slot1,french_model_image_model_86874_8017b000,86874,86874,0x8017B000,1b376cd5148754401d08efa464a08b506ca14d65f5f4a5a8aa30bf234088673b,1,1612
french_model_variant_364_stage9_slot0,spanish_model_variant_364_stage9_slot0,french_model_image_model_86864_8013b000,86864,86864,0x8013B000,9e7469410ebcf1f9043b5e65d0b44f62186cd69f3ffc73aedded9a10b6f4a71e,1,1612
french_model_variant_379_stage10_slot1,spanish_model_variant_379_stage10_slot1,french_model_image_model_91014_8017b000,91014,91014,0x8017B000,8a246df22ac924e2078183da0cf25e21112d159f07f8b0a5330840308404e1c2,3,4144
french_model_variant_379_stage7_slot0,spanish_model_variant_379_stage7_slot0,french_model_image_model_90984_8013b000,90984,90984,0x8013B000,790db77bcab6bae8e781b99cd383e2fa6fa9dace1033ac56202c5f6e6f1d1321,3,4496
french_model_variant_379_stage8_slot1,spanish_model_variant_379_stage8_slot1,french_model_image_model_90994_8017b000,90994,90994,0x8017B000,e724b515f5554ba62b306be93a6031ba6dec106719dff264f4b527397f45f681,3,4496
french_model_variant_379_stage9_slot0,spanish_model_variant_379_stage9_slot0,french_model_image_model_91004_8013b000,91004,91004,0x8013B000,f14ad30b942052d0d5760089ad294f268bd7381fd1be054c3a8c1c77ece241ee,3,4144
french_model_variant_385_stage10_slot1,spanish_model_variant_385_stage10_slot1,french_model_image_model_92670_8017b000,92670,92670,0x8017B000,737fb9e4e627eeb7015f3481e0f8c19f5014c8a0f93d6513357a1945dd3a0911,1,1216
french_model_variant_385_stage7_slot0,spanish_model_variant_385_stage7_slot0,french_model_image_model_92640_8013b000,92640,92640,0x8013B000,428977d728a5a7b009bbdc48a718b095dd3dcb3c8fc643bef02c0f2388eeb245,2,2428
french_model_variant_385_stage8_slot1,spanish_model_variant_385_stage8_slot1,french_model_image_model_92650_8017b000,92650,92650,0x8017B000,ca1e3b27754f08d325d1fada607435a4fe25b0910e06149155e7a52157bea79c,2,2428
french_model_variant_385_stage9_slot0,spanish_model_variant_385_stage9_slot0,french_model_image_model_92660_8013b000,92660,92660,0x8013B000,7f74d3cad4e561f830dc115f95bb6ced48247cf0de1339a86e80d85578f71d9b,1,1216
french_model_variant_406_stage10_slot1,spanish_model_variant_406_stage10_slot1,french_model_image_model_98466_8017b000,98466,98466,0x8017B000,9c6f34a4526fb807b85176c07661a82b514be55b969ebf3d277ec0c877696b65,3,4256
french_model_variant_406_stage9_slot0,spanish_model_variant_406_stage9_slot0,french_model_image_model_98456_8013b000,98456,98456,0x8013B000,634733dc67d23c37db091813d166be78a3a70c0dcf96e4638f71b921afc03ca4,3,4256
french_model_variant_407_stage10_slot1,spanish_model_variant_407_stage10_slot1,french_model_image_model_98742_8017b000,98742,98742,0x8017B000,c95b7d5736b899d54a09ace2dd4b8d1df927c9db1763031bcb4cb59bf38691f6,3,4256
french_model_variant_407_stage9_slot0,spanish_model_variant_407_stage9_slot0,french_model_image_model_98732_8013b000,98732,98732,0x8013B000,c915421b1f185de851bc06f06753cab08024740ca5c9b81149ab28cf89f39495,3,4256
french_model_variant_411_stage7_slot0,spanish_model_variant_411_stage7_slot0,french_model_image_model_99816_8013b000,99816,99816,0x8013B000,e520529b2eb3b906178dce423e358c2f7099b815634fcaf3168e55c2fb918abe,1,1468
french_model_variant_411_stage8_slot1,spanish_model_variant_411_stage8_slot1,french_model_image_model_99826_8017b000,99826,99826,0x8017B000,a5d97dc0c613d3a68b07fbe3399fa256e47a55cdc44de55983a8ce5511f21421,1,1468
french_model_variant_417_stage10_slot1,spanish_model_variant_417_stage10_slot1,french_model_image_model_101502_8017b000,101502,101502,0x8017B000,4d1cf87b4ed0b94a577d91c2da971b8b6b74f6e73f8b2ba1710f1cf2648ccb35,1,1468
french_model_variant_417_stage9_slot0,spanish_model_variant_417_stage9_slot0,french_model_image_model_101492_8013b000,101492,101492,0x8013B000,e9e8c34dcee352dc0cec3f0300a2bfa97c5f9cfd725ba434dbf98db2c01f1572,1,1468
french_model_variant_419_stage7_slot0,spanish_model_variant_419_stage7_slot0,french_model_image_model_102024_8013b000,102024,102024,0x8013B000,7506341aa85e3c2c86a6b609c91949ed070ecfe013ad6c1a1b35307abdc185cc,3,3604
french_model_variant_419_stage8_slot1,spanish_model_variant_419_stage8_slot1,french_model_image_model_102034_8017b000,102034,102034,0x8017B000,37980af2019f9163e34c795ef1dd1b22bab488f08e9ca119bc4b73d01ebcb0f5,3,3604
french_model_variant_425_stage7_slot0,spanish_model_variant_425_stage7_slot0,french_model_image_model_103680_8013b000,103680,103680,0x8013B000,7a21edf9756b25dfbfa2688984fae56e7567c93caaf7fda36aa3108ff4762202,1,1244
french_model_variant_425_stage8_slot1,spanish_model_variant_425_stage8_slot1,french_model_image_model_103690_8017b000,103690,103690,0x8017B000,4c4424c041c8051d3b3260c81284aaa3a61fd160b04011e1fa34229abedcffa5,1,1244
french_model_variant_431_stage10_slot1,spanish_model_variant_431_stage10_slot1,french_model_image_model_105366_8017b000,105366,105366,0x8017B000,1a5d211815353ee0ac21c05356baf56d5d2c83b5427ad8e535652e3d52c7e2bf,2,2424
french_model_variant_431_stage9_slot0,spanish_model_variant_431_stage9_slot0,french_model_image_model_105356_8013b000,105356,105356,0x8013B000,df32385f7dab7fb0de2fd6032c28fc8af7eda68574c64fd9ade6f866924e6474,2,2424
french_model_variant_43_stage10_slot1,spanish_model_variant_43_stage10_slot1,french_model_image_model_12078_8017b000,12078;74454,12078,0x8017B000,08f93e97ee629e8d51e4154b974a29b95972624c0162d1f33d073248ba970931,1,1396
french_model_variant_43_stage9_slot0,spanish_model_variant_43_stage9_slot0,french_model_image_model_12068_8013b000,12068;74444,12068,0x8013B000,2a8036929edb7ac86e2988467f63a0a0d7c658d4848bf99a9da9c6c007a2cfdc,1,1396
french_model_variant_452_stage10_slot1,spanish_model_variant_452_stage10_slot1,french_model_image_model_111162_8017b000,111162,111162,0x8017B000,920ed95a4727117d93789deabbf7c70321ad0abe01892db31a01fe9e1b97f985,1,1612
french_model_variant_452_stage9_slot0,spanish_model_variant_452_stage9_slot0,french_model_image_model_111152_8013b000,111152,111152,0x8013B000,d2308e43e7d8fab71a28f95469f668be87c84f34117b16493c9da574e5c83444,1,1612
french_model_variant_47_stage7_slot0,spanish_model_variant_47_stage7_slot0,french_model_image_model_13152_8013b000,13152,13152,0x8013B000,d842c52ddad50d98a0a6a1a2891e3a2fa7919bcc8032ac217d74325cc4a7076a,1,1468
french_model_variant_47_stage8_slot1,spanish_model_variant_47_stage8_slot1,french_model_image_model_13162_8017b000,13162;65878,13162,0x8017B000,49c311baf04e9d0e034c6e1ea43b06d05b7e1c27c64c18c6896d8c78429cbc8d,1,1468
french_model_variant_487_stage7_slot0,spanish_model_variant_487_stage7_slot0,french_model_image_model_120792_8013b000,120792,120792,0x8013B000,d86306bd51ea456105ff69ab03a846c84a4aa73158b4e2c3cd8a6c50d8669a22,5,7772
french_model_variant_487_stage8_slot1,spanish_model_variant_487_stage8_slot1,french_model_image_model_120802_8017b000,120802,120802,0x8017B000,66aeab28a60b38bc4360230d4d97ca0f96a731621a6be39aaedddee33d3a4dc9,5,7772
french_model_variant_513_stage10_slot1,spanish_model_variant_513_stage10_slot1,french_model_image_model_127998_8017b000,127998,127998,0x8017B000,32780fbc1057ae0a2ff1ee570fdc14c578aa51cb5eb9ad9ed82b99e7188c5d90,3,4256
french_model_variant_513_stage9_slot0,spanish_model_variant_513_stage9_slot0,french_model_image_model_127988_8013b000,127988,127988,0x8013B000,9cb7a510d9b9dde57e965b3e58a74e16ae938f3d2c67d71721d766bc22be7b0b,3,4256
french_model_variant_525_stage10_slot1,spanish_model_variant_525_stage10_slot1,french_model_image_model_131310_8017b000,131310,131310,0x8017B000,8dc460a9091c4506d84590c03c6b2ff3f00d0f5cd9a48ee5beeb3de5fadbbd47,2,3272
french_model_variant_525_stage9_slot0,spanish_model_variant_525_stage9_slot0,french_model_image_model_131300_8013b000,131300,131300,0x8013B000,ec90883a2728c62a1763eea6c9624e360f848ed8ff0206924c3d8c125f424fa8,2,3272
french_model_variant_535_stage10_slot1,spanish_model_variant_535_stage10_slot1,french_model_image_model_134070_8017b000,134070,134070,0x8017B000,67826dc025b07f8d74f8ba8d7b7b2e093341fd217e71d89dc1148f4e9cb14316,2,3008
french_model_variant_535_stage9_slot0,spanish_model_variant_535_stage9_slot0,french_model_image_model_134060_8013b000,134060,134060,0x8013B000,d0456ec3eec6c0f4936a5e77485a235010a355f8fbae8d6c468942ddfddd8b0f,2,3008
french_model_variant_562_stage10_slot1,spanish_model_variant_562_stage10_slot1,french_model_image_model_141522_8017b000,141522,141522,0x8017B000,f0ab17ca7d7be9dfcb097a7143a260bdec859e490b5df99a9acdda0bfb79c5aa,3,3604
french_model_variant_562_stage9_slot0,spanish_model_variant_562_stage9_slot0,french_model_image_model_141512_8013b000,141512,141512,0x8013B000,c7677216f914b67b4fb758701d7c8e670c3def95c1a51da36cb855f2df7e466a,3,3604
french_model_variant_57_stage10_slot1,spanish_model_variant_57_stage10_slot1,french_model_image_model_15942_8017b000,15942,15942,0x8017B000,3ee7b64799a6b72e53819829c7df46115fb991e5022d22437a896dc0b4da42b4,3,3604
french_model_variant_57_stage9_slot0,spanish_model_variant_57_stage9_slot0,french_model_image_model_15932_8013b000,15932,15932,0x8013B000,e7d887f342f517179e1f9c34ccc32b769147cb9afa056d9c02efeea1fadbd41a,3,3604
french_model_variant_582_stage10_slot1,spanish_model_variant_582_stage10_slot1,french_model_image_model_147042_8017b000,147042,147042,0x8017B000,bd5af8998e6db72de975ec0b53d0c4562a70f4193604e826244074643dfed648,1,1108
french_model_variant_582_stage9_slot0,spanish_model_variant_582_stage9_slot0,french_model_image_model_147032_8013b000,147032,147032,0x8013B000,6132878d19bfbc59dc3250faf71a5c1232d8ed33d9e952f7b2edb605453289c5,1,1108
french_model_variant_590_stage7_slot0,spanish_model_variant_590_stage7_slot0,french_model_image_model_149220_8013b000,149220,149220,0x8013B000,a3c8867b2fe82f8b727140b2f01e729a92937deac54426cfd505e45098f50b1f,5,7772
french_model_variant_590_stage8_slot1,spanish_model_variant_590_stage8_slot1,french_model_image_model_149230_8017b000,149230,149230,0x8017B000,b20c6557a104c4192b8afd2df97f0a67eb9514b5aba80c36cf7ceee45d21d3da,5,7772
french_model_variant_610_stage7_slot0,spanish_model_variant_610_stage7_slot0,french_model_image_model_154740_8013b000,154740,154740,0x8013B000,d6fafc473ee5975689bd53a8d5135c18263257e7d0340141c8dd1a39697ec237,2,3272
french_model_variant_610_stage8_slot1,spanish_model_variant_610_stage8_slot1,french_model_image_model_154750_8017b000,154750,154750,0x8017B000,1dedae4bf8667e6087582850b9da87837fc5e53eaadab820112732e38407dc72,2,3272
french_model_variant_620_stage7_slot0,spanish_model_variant_620_stage7_slot0,french_model_image_model_157500_8013b000,157500,157500,0x8013B000,8b95385772ead2dfde12a52ecd9c9cc166a7c03193222a7f41c349d6794afb78,1,1468
french_model_variant_620_stage8_slot1,spanish_model_variant_620_stage8_slot1,french_model_image_model_157510_8017b000,157510,157510,0x8017B000,16a60d6cfcb23dadbecf7d7b9204c1cb2b081fa4743c7291826b8053345e3000,1,1468
french_model_variant_62_stage10_slot1,spanish_model_variant_62_stage10_slot1,french_model_image_model_17322_8017b000,17322,17322,0x8017B000,48c2f37643adfcb265ef40f97efe3697761fc977f81af9c5a8c208208598e94e,2,2944
french_model_variant_62_stage9_slot0,spanish_model_variant_62_stage9_slot0,french_model_image_model_17312_8013b000,17312,17312,0x8013B000,e7d2de54fd08e30386a2b866301c00cdd2e53baa6d2b5ccbf9c7a66d71cd911d,2,2944
french_model_variant_631_stage7_slot0,spanish_model_variant_631_stage7_slot0,french_model_image_model_160536_8013b000,160536,160536,0x8013B000,b106338ebd3f40f022c83639a9901357fde585d91166804aa92dd182f33260bf,1,1128
french_model_variant_631_stage8_slot1,spanish_model_variant_631_stage8_slot1,french_model_image_model_160546_8017b000,160546,160546,0x8017B000,af154f46a36d17d7dcbb231c6d37c4ce99d8d091c4c6fa542c50fb4ee825b8db,1,1128
french_model_variant_632_stage10_slot1,spanish_model_variant_632_stage10_slot1,french_model_image_model_160842_8017b000,160842,160842,0x8017B000,00af68291a01f1aca353cd167e418b7d33468e9f7c1e9bf2bd0254e3ee5545fe,2,3272
french_model_variant_632_stage9_slot0,spanish_model_variant_632_stage9_slot0,french_model_image_model_160832_8013b000,160832,160832,0x8013B000,828af6614115aa6ab67f0faaec1e9eb1a85ac13b97ef9e397328ab26be223acf,2,3272
french_model_variant_636_stage10_slot1,spanish_model_variant_636_stage10_slot1,french_model_image_model_161946_8017b000,161946,161946,0x8017B000,ae327442d2667e8a6f5c50018cb8c486152128dfa8069793364798412294d0e6,2,2440
french_model_variant_636_stage9_slot0,spanish_model_variant_636_stage9_slot0,french_model_image_model_161936_8013b000,161936,161936,0x8013B000,0e4ff8ebc7c9eb95b77fa207c5b378bfa91129dff1205b0d83280f8df2540276,2,2440
french_model_variant_705_stage10_slot1,spanish_model_variant_705_stage10_slot1,french_model_image_model_167190_8017b000,167190,167190,0x8017B000,97c3028074feb9bbdc2ef20460436ad642b958abd5eea951efe3ac7f75db31e7,1,1348
french_model_variant_705_stage9_slot0,spanish_model_variant_705_stage9_slot0,french_model_image_model_167180_8013b000,167180,167180,0x8013B000,bf8d666909a25113c2ad7c8f46fb04dd78671202299fd439ceb457461100a45e,1,1348
french_model_variant_706_stage10_slot1,spanish_model_variant_706_stage10_slot1,french_model_image_model_167466_8017b000,167466,167466,0x8017B000,a6d0b4ef46d911c3555471f81e212b76e11970bdca3a869ab2cc5ad6ccb8aac1,1,1396
french_model_variant_706_stage9_slot0,spanish_model_variant_706_stage9_slot0,french_model_image_model_167456_8013b000,167456,167456,0x8013B000,bc4ed37c13b01b0668a1e2c3ba7e60322298a8d7840c833c2debd2de51261b08,1,1396
french_model_variant_707_stage10_slot1,spanish_model_variant_707_stage10_slot1,french_model_image_model_167742_8017b000,167742,167742,0x8017B000,51886844345e30aa42c63f6708a1afb850d6d31b140ac1c4a6da8385502aefa1,1,1456
french_model_variant_707_stage9_slot0,spanish_model_variant_707_stage9_slot0,french_model_image_model_167732_8013b000,167732,167732,0x8013B000,e27d2ab6352960331b9f355d23ec29d545bd5bf68e6bc032baef66f6de382ce1,1,1456
french_model_variant_709_stage10_slot1,spanish_model_variant_709_stage10_slot1,french_model_image_model_168294_8017b000,168294,168294,0x8017B000,aca043c5b793afc2388dbf0e9fadd97baac784a07198826fc281e8c6b4f14087,5,7772
french_model_variant_709_stage9_slot0,spanish_model_variant_709_stage9_slot0,french_model_image_model_168284_8013b000,168284,168284,0x8013B000,ee256b410a9f7d808dbc57138a72ed5504b0b1f68862da41ad03bbd88055c645,5,7772
french_model_variant_719_stage7_slot0,spanish_model_variant_719_stage7_slot0,french_model_image_model_171024_8013b000,171024,171024,0x8013B000,3ce06661adc2825337aa65b0579aa5fbaa4b3eeef334633433e06c77925a17bc,1,936
french_model_variant_719_stage8_slot1,spanish_model_variant_719_stage8_slot1,french_model_image_model_171034_8017b000,171034,171034,0x8017B000,e26ca5839507639dc03cffa88f9fef3040635834a432e3bd0a07e3fb4b8de027,1,936
french_model_variant_8_stage7_slot0,spanish_model_variant_8_stage7_slot0,french_model_image_model_2388_8013b000,2388,2388,0x8013B000,dcb3a6d3de7b0be57971877135ca195109f7d0d2b78b2cf30571181470dbf8d6,1,1396
french_model_variant_8_stage8_slot1,spanish_model_variant_8_stage8_slot1,french_model_image_model_2398_8017b000,2398,2398,0x8017B000,f9205930d049ac6f2d1eed92e5ddc1d3b463e16b08f9f636b296e843f2761b32,1,1396
