module,address,size,north_american_source,french_source,profile,fingerprint,dependency_fingerprint,result,different_words
french_model_variant_102_stage10_slot1,0x8017B004,0x12B0,src/overlays/model_variant/variant398_entry.c,src/overlays/french_model_variant/variant415_entry_slot1.c,gcc_2_8_1_g0_split,2de5776cc0cc67682d51b3659f93ac51e95622ba390af4130b89c634957d21b2,3014e48b6ce1d627116b0ffaec43e3fc9d6cd9c724c77fccee505ced562e88e1,matched,0
french_model_variant_102_stage9_slot0,0x8013B004,0x12B0,src/overlays/model_variant/variant398_entry.c,src/overlays/french_model_variant/variant415_entry.c,gcc_2_8_1_g0_split,9536dae0e9156482c788c18d81e8b6a33d5c626712c045251bad4e9a453d8c7b,3014e48b6ce1d627116b0ffaec43e3fc9d6cd9c724c77fccee505ced562e88e1,matched,0
french_model_variant_108_stage7_slot0,0x8013B004,0x1224,src/overlays/model_variant/variant397_entry.c,src/overlays/french_model_variant/variant414_entry.c,gcc_2_8_1_g0_split,5a4dea549293bfbd612d7c453b3bdfa6192ef17483389ffa99f70a15b85309ca,1e86ebc4f452a3e8b81a85d21447cd63c33de4588bdf2f29aea55955aac8380a,matched,0
french_model_variant_108_stage8_slot1,0x8017B004,0x1224,src/overlays/model_variant/variant397_entry.c,src/overlays/french_model_variant/variant414_entry_slot1.c,gcc_2_8_1_g0_split,e8a42d8682871e6ff082f06d6dafdff4c61569977f427e28986f54365210c329,1e86ebc4f452a3e8b81a85d21447cd63c33de4588bdf2f29aea55955aac8380a,matched,0
french_model_variant_114_stage10_slot1,0x8017B004,0x11CC,src/overlays/model_variant/variant404_entry.c,src/overlays/french_model_variant/variant421_entry_slot1.c,gcc_2_8_1_g0_split,350c54b87786a250bfd89bbcd3d381b175d86eaea98ba56fe531fc6fc95ddd14,50723d79b982529b296963faa80ecf7951881696f6be6d82fc3089a86fadd847,matched,0
french_model_variant_114_stage9_slot0,0x8013B004,0x11CC,src/overlays/model_variant/variant404_entry.c,src/overlays/french_model_variant/variant421_entry.c,gcc_2_8_1_g0_split,15f4868ba67a0c5156b41cce3f7476db3acc34261eda091859c1667609758bba,50723d79b982529b296963faa80ecf7951881696f6be6d82fc3089a86fadd847,matched,0
french_model_variant_124_stage7_slot0,0x8013B004,0x1080,src/overlays/model_variant/variant418_entry.c,src/overlays/french_model_variant/variant435_entry.c,gcc_2_8_1_g0_split,529f92dde045aba6e24534d57974f3423dd968f3605cf4ace2393cdfc77c587e,dd65b62c78b151984ac18ecbd7644232bce27c2af686b91f9b0fedc4493cdcdc,matched,0
french_model_variant_124_stage8_slot1,0x8017B004,0x1080,src/overlays/model_variant/variant418_entry.c,src/overlays/french_model_variant/variant435_entry_slot1.c,gcc_2_8_1_g0_split,2e87a387aae2fbf791e0803ffbb09daccb99b5cc35cfdaaa3a25a2a6a72c73a6,dd65b62c78b151984ac18ecbd7644232bce27c2af686b91f9b0fedc4493cdcdc,matched,0
french_model_variant_138_stage7_slot0,0x8013B004,0x1224,src/overlays/model_variant/variant397_entry.c,src/overlays/french_model_variant/variant414_entry.c,gcc_2_8_1_g0_split,5a4dea549293bfbd612d7c453b3bdfa6192ef17483389ffa99f70a15b85309ca,1e86ebc4f452a3e8b81a85d21447cd63c33de4588bdf2f29aea55955aac8380a,matched,0
french_model_variant_138_stage8_slot1,0x8017B004,0x1224,src/overlays/model_variant/variant397_entry.c,src/overlays/french_model_variant/variant414_entry_slot1.c,gcc_2_8_1_g0_split,e8a42d8682871e6ff082f06d6dafdff4c61569977f427e28986f54365210c329,1e86ebc4f452a3e8b81a85d21447cd63c33de4588bdf2f29aea55955aac8380a,matched,0
french_model_variant_152_stage10_slot1,0x8017B004,0x1224,src/overlays/model_variant/variant397_entry.c,src/overlays/french_model_variant/variant414_entry_slot1.c,gcc_2_8_1_g0_split,e8a42d8682871e6ff082f06d6dafdff4c61569977f427e28986f54365210c329,1e86ebc4f452a3e8b81a85d21447cd63c33de4588bdf2f29aea55955aac8380a,matched,0
french_model_variant_152_stage9_slot0,0x8013B004,0x1224,src/overlays/model_variant/variant397_entry.c,src/overlays/french_model_variant/variant414_entry.c,gcc_2_8_1_g0_split,5a4dea549293bfbd612d7c453b3bdfa6192ef17483389ffa99f70a15b85309ca,1e86ebc4f452a3e8b81a85d21447cd63c33de4588bdf2f29aea55955aac8380a,matched,0
french_model_variant_162_stage7_slot0,0x8013B004,0x11CC,src/overlays/model_variant/variant404_entry.c,src/overlays/french_model_variant/variant421_entry.c,gcc_2_8_1_g0_split,15f4868ba67a0c5156b41cce3f7476db3acc34261eda091859c1667609758bba,50723d79b982529b296963faa80ecf7951881696f6be6d82fc3089a86fadd847,matched,0
french_model_variant_162_stage8_slot1,0x8017B004,0x11CC,src/overlays/model_variant/variant404_entry.c,src/overlays/french_model_variant/variant421_entry_slot1.c,gcc_2_8_1_g0_split,350c54b87786a250bfd89bbcd3d381b175d86eaea98ba56fe531fc6fc95ddd14,50723d79b982529b296963faa80ecf7951881696f6be6d82fc3089a86fadd847,matched,0
french_model_variant_165_stage10_slot1,0x8017B004,0x12D4,src/overlays/model_variant/variant407_entry.c,src/overlays/french_model_variant/variant424_entry_slot1.c,gcc_2_8_1_g0_split,ac78aad400074902388a6fbd6c7b6f47d4124c334acdf071f40dc3986dfe44d5,2557d9b3477fa861fdd92de384f99764eed33a434a5ec85ce64bd1e3cee05ab0,matched,0
french_model_variant_165_stage9_slot0,0x8013B004,0x12D4,src/overlays/model_variant/variant407_entry.c,src/overlays/french_model_variant/variant424_entry.c,gcc_2_8_1_g0_split,9809013b554910fa8b34a009b191f6b085a3c3008d1da73b05ef552c4f720d68,2557d9b3477fa861fdd92de384f99764eed33a434a5ec85ce64bd1e3cee05ab0,matched,0
french_model_variant_166_stage10_slot1,0x8017B004,0x1080,src/overlays/model_variant/variant418_entry.c,src/overlays/french_model_variant/variant435_entry_slot1.c,gcc_2_8_1_g0_split,2e87a387aae2fbf791e0803ffbb09daccb99b5cc35cfdaaa3a25a2a6a72c73a6,dd65b62c78b151984ac18ecbd7644232bce27c2af686b91f9b0fedc4493cdcdc,matched,0
french_model_variant_166_stage9_slot0,0x8013B004,0x1080,src/overlays/model_variant/variant418_entry.c,src/overlays/french_model_variant/variant435_entry.c,gcc_2_8_1_g0_split,529f92dde045aba6e24534d57974f3423dd968f3605cf4ace2393cdfc77c587e,dd65b62c78b151984ac18ecbd7644232bce27c2af686b91f9b0fedc4493cdcdc,matched,0
french_model_variant_168_stage10_slot1,0x8017B004,0x1224,src/overlays/model_variant/variant397_entry.c,src/overlays/french_model_variant/variant414_entry_slot1.c,gcc_2_8_1_g0_split,e8a42d8682871e6ff082f06d6dafdff4c61569977f427e28986f54365210c329,1e86ebc4f452a3e8b81a85d21447cd63c33de4588bdf2f29aea55955aac8380a,matched,0
french_model_variant_168_stage9_slot0,0x8013B004,0x1224,src/overlays/model_variant/variant397_entry.c,src/overlays/french_model_variant/variant414_entry.c,gcc_2_8_1_g0_split,5a4dea549293bfbd612d7c453b3bdfa6192ef17483389ffa99f70a15b85309ca,1e86ebc4f452a3e8b81a85d21447cd63c33de4588bdf2f29aea55955aac8380a,matched,0
french_model_variant_170_stage10_slot1,0x8017B004,0x1224,src/overlays/model_variant/variant397_entry.c,src/overlays/french_model_variant/variant414_entry_slot1.c,gcc_2_8_1_g0_split,e8a42d8682871e6ff082f06d6dafdff4c61569977f427e28986f54365210c329,1e86ebc4f452a3e8b81a85d21447cd63c33de4588bdf2f29aea55955aac8380a,matched,0
french_model_variant_170_stage9_slot0,0x8013B004,0x1224,src/overlays/model_variant/variant397_entry.c,src/overlays/french_model_variant/variant414_entry.c,gcc_2_8_1_g0_split,5a4dea549293bfbd612d7c453b3bdfa6192ef17483389ffa99f70a15b85309ca,1e86ebc4f452a3e8b81a85d21447cd63c33de4588bdf2f29aea55955aac8380a,matched,0
french_model_variant_180_stage7_slot0,0x8013B004,0x104C,src/overlays/model_variant/variant416_entry.c,src/overlays/french_model_variant/variant433_entry.c,gcc_2_8_1_g0_split,78d91b0aa9d7776f969ba0a206c43c30a2a7a0f0c79b84739cbdf52bea4affd5,935b0aebf3b5d126189484115c2e6525e215831ae94f7bd78910bb06e4d596cc,matched,0
french_model_variant_180_stage8_slot1,0x8017B004,0x104C,src/overlays/model_variant/variant416_entry.c,src/overlays/french_model_variant/variant433_entry_slot1.c,gcc_2_8_1_g0_split,fa07d888db836effc58e116d01bb7a11c90f30693d84c9c06eb3ccffc938fd39,935b0aebf3b5d126189484115c2e6525e215831ae94f7bd78910bb06e4d596cc,matched,0
french_model_variant_182_stage7_slot0,0x8013B004,0x1080,src/overlays/model_variant/variant418_entry.c,src/overlays/french_model_variant/variant435_entry.c,gcc_2_8_1_g0_split,529f92dde045aba6e24534d57974f3423dd968f3605cf4ace2393cdfc77c587e,dd65b62c78b151984ac18ecbd7644232bce27c2af686b91f9b0fedc4493cdcdc,matched,0
french_model_variant_182_stage8_slot1,0x8017B004,0x1080,src/overlays/model_variant/variant418_entry.c,src/overlays/french_model_variant/variant435_entry_slot1.c,gcc_2_8_1_g0_split,2e87a387aae2fbf791e0803ffbb09daccb99b5cc35cfdaaa3a25a2a6a72c73a6,dd65b62c78b151984ac18ecbd7644232bce27c2af686b91f9b0fedc4493cdcdc,matched,0
french_model_variant_184_stage10_slot1,0x8017B004,0x11CC,src/overlays/model_variant/variant404_entry.c,src/overlays/french_model_variant/variant421_entry_slot1.c,gcc_2_8_1_g0_split,350c54b87786a250bfd89bbcd3d381b175d86eaea98ba56fe531fc6fc95ddd14,50723d79b982529b296963faa80ecf7951881696f6be6d82fc3089a86fadd847,matched,0
french_model_variant_184_stage9_slot0,0x8013B004,0x11CC,src/overlays/model_variant/variant404_entry.c,src/overlays/french_model_variant/variant421_entry.c,gcc_2_8_1_g0_split,15f4868ba67a0c5156b41cce3f7476db3acc34261eda091859c1667609758bba,50723d79b982529b296963faa80ecf7951881696f6be6d82fc3089a86fadd847,matched,0
french_model_variant_186_stage7_slot0,0x8013B004,0x12D4,src/overlays/model_variant/variant407_entry.c,src/overlays/french_model_variant/variant424_entry.c,gcc_2_8_1_g0_split,9809013b554910fa8b34a009b191f6b085a3c3008d1da73b05ef552c4f720d68,2557d9b3477fa861fdd92de384f99764eed33a434a5ec85ce64bd1e3cee05ab0,matched,0
french_model_variant_186_stage8_slot1,0x8017B004,0x12D4,src/overlays/model_variant/variant407_entry.c,src/overlays/french_model_variant/variant424_entry_slot1.c,gcc_2_8_1_g0_split,ac78aad400074902388a6fbd6c7b6f47d4124c334acdf071f40dc3986dfe44d5,2557d9b3477fa861fdd92de384f99764eed33a434a5ec85ce64bd1e3cee05ab0,matched,0
french_model_variant_187_stage7_slot0,0x8013B004,0x1030,src/overlays/model_variant/variant428_entry.c,src/overlays/french_model_variant/variant445_entry.c,gcc_2_8_1_g0_split,f2a3e7f3e8f0146f70c1d685e2ea64046a10f8bd34c71fbd2beeb7ba00cc0f49,f521557dc75f10c0f48b51acf1228f50975b43f9d6f6a3be519474a3d67b0210,matched,0
french_model_variant_187_stage8_slot1,0x8017B004,0x1030,src/overlays/model_variant/variant428_entry.c,src/overlays/french_model_variant/variant445_entry_slot1.c,gcc_2_8_1_g0_split,2e00b2179852c84a4a4b40d5bbb22aa068bd3d8ba04967c38b956457d46e40ac,f521557dc75f10c0f48b51acf1228f50975b43f9d6f6a3be519474a3d67b0210,matched,0
french_model_variant_193_stage7_slot0,0x8013B004,0x1224,src/overlays/model_variant/variant397_entry.c,src/overlays/french_model_variant/variant414_entry.c,gcc_2_8_1_g0_split,5a4dea549293bfbd612d7c453b3bdfa6192ef17483389ffa99f70a15b85309ca,1e86ebc4f452a3e8b81a85d21447cd63c33de4588bdf2f29aea55955aac8380a,matched,0
french_model_variant_193_stage8_slot1,0x8017B004,0x1224,src/overlays/model_variant/variant397_entry.c,src/overlays/french_model_variant/variant414_entry_slot1.c,gcc_2_8_1_g0_split,e8a42d8682871e6ff082f06d6dafdff4c61569977f427e28986f54365210c329,1e86ebc4f452a3e8b81a85d21447cd63c33de4588bdf2f29aea55955aac8380a,matched,0
french_model_variant_20_stage7_slot0,0x8013B004,0x1224,src/overlays/model_variant/variant397_entry.c,src/overlays/french_model_variant/variant414_entry.c,gcc_2_8_1_g0_split,5a4dea549293bfbd612d7c453b3bdfa6192ef17483389ffa99f70a15b85309ca,1e86ebc4f452a3e8b81a85d21447cd63c33de4588bdf2f29aea55955aac8380a,matched,0
french_model_variant_20_stage8_slot1,0x8017B004,0x1224,src/overlays/model_variant/variant397_entry.c,src/overlays/french_model_variant/variant414_entry_slot1.c,gcc_2_8_1_g0_split,e8a42d8682871e6ff082f06d6dafdff4c61569977f427e28986f54365210c329,1e86ebc4f452a3e8b81a85d21447cd63c33de4588bdf2f29aea55955aac8380a,matched,0
french_model_variant_239_stage10_slot1,0x8017B004,0x1030,src/overlays/model_variant/variant428_entry.c,src/overlays/french_model_variant/variant445_entry_slot1.c,gcc_2_8_1_g0_split,2e00b2179852c84a4a4b40d5bbb22aa068bd3d8ba04967c38b956457d46e40ac,f521557dc75f10c0f48b51acf1228f50975b43f9d6f6a3be519474a3d67b0210,matched,0
french_model_variant_239_stage9_slot0,0x8013B004,0x1030,src/overlays/model_variant/variant428_entry.c,src/overlays/french_model_variant/variant445_entry.c,gcc_2_8_1_g0_split,f2a3e7f3e8f0146f70c1d685e2ea64046a10f8bd34c71fbd2beeb7ba00cc0f49,f521557dc75f10c0f48b51acf1228f50975b43f9d6f6a3be519474a3d67b0210,matched,0
french_model_variant_242_stage10_slot1,0x8017B004,0x12D4,src/overlays/model_variant/variant407_entry.c,src/overlays/french_model_variant/variant424_entry_slot1.c,gcc_2_8_1_g0_split,ac78aad400074902388a6fbd6c7b6f47d4124c334acdf071f40dc3986dfe44d5,2557d9b3477fa861fdd92de384f99764eed33a434a5ec85ce64bd1e3cee05ab0,matched,0
french_model_variant_242_stage9_slot0,0x8013B004,0x12D4,src/overlays/model_variant/variant407_entry.c,src/overlays/french_model_variant/variant424_entry.c,gcc_2_8_1_g0_split,9809013b554910fa8b34a009b191f6b085a3c3008d1da73b05ef552c4f720d68,2557d9b3477fa861fdd92de384f99764eed33a434a5ec85ce64bd1e3cee05ab0,matched,0
french_model_variant_275_stage10_slot1,0x8017B004,0x1080,src/overlays/model_variant/variant418_entry.c,src/overlays/french_model_variant/variant435_entry_slot1.c,gcc_2_8_1_g0_split,2e87a387aae2fbf791e0803ffbb09daccb99b5cc35cfdaaa3a25a2a6a72c73a6,dd65b62c78b151984ac18ecbd7644232bce27c2af686b91f9b0fedc4493cdcdc,matched,0
french_model_variant_275_stage9_slot0,0x8013B004,0x1080,src/overlays/model_variant/variant418_entry.c,src/overlays/french_model_variant/variant435_entry.c,gcc_2_8_1_g0_split,529f92dde045aba6e24534d57974f3423dd968f3605cf4ace2393cdfc77c587e,dd65b62c78b151984ac18ecbd7644232bce27c2af686b91f9b0fedc4493cdcdc,matched,0
french_model_variant_279_stage7_slot0,0x8013B004,0x1080,src/overlays/model_variant/variant418_entry.c,src/overlays/french_model_variant/variant435_entry.c,gcc_2_8_1_g0_split,529f92dde045aba6e24534d57974f3423dd968f3605cf4ace2393cdfc77c587e,dd65b62c78b151984ac18ecbd7644232bce27c2af686b91f9b0fedc4493cdcdc,matched,0
french_model_variant_279_stage8_slot1,0x8017B004,0x1080,src/overlays/model_variant/variant418_entry.c,src/overlays/french_model_variant/variant435_entry_slot1.c,gcc_2_8_1_g0_split,2e87a387aae2fbf791e0803ffbb09daccb99b5cc35cfdaaa3a25a2a6a72c73a6,dd65b62c78b151984ac18ecbd7644232bce27c2af686b91f9b0fedc4493cdcdc,matched,0
french_model_variant_282_stage10_slot1,0x8017B004,0x12B0,src/overlays/model_variant/variant398_entry.c,src/overlays/french_model_variant/variant415_entry_slot1.c,gcc_2_8_1_g0_split,2de5776cc0cc67682d51b3659f93ac51e95622ba390af4130b89c634957d21b2,3014e48b6ce1d627116b0ffaec43e3fc9d6cd9c724c77fccee505ced562e88e1,matched,0
french_model_variant_282_stage9_slot0,0x8013B004,0x12B0,src/overlays/model_variant/variant398_entry.c,src/overlays/french_model_variant/variant415_entry.c,gcc_2_8_1_g0_split,9536dae0e9156482c788c18d81e8b6a33d5c626712c045251bad4e9a453d8c7b,3014e48b6ce1d627116b0ffaec43e3fc9d6cd9c724c77fccee505ced562e88e1,matched,0
french_model_variant_288_stage10_slot1,0x8017B004,0x12B0,src/overlays/model_variant/variant398_entry.c,src/overlays/french_model_variant/variant415_entry_slot1.c,gcc_2_8_1_g0_split,2de5776cc0cc67682d51b3659f93ac51e95622ba390af4130b89c634957d21b2,3014e48b6ce1d627116b0ffaec43e3fc9d6cd9c724c77fccee505ced562e88e1,matched,0
french_model_variant_288_stage9_slot0,0x8013B004,0x12B0,src/overlays/model_variant/variant398_entry.c,src/overlays/french_model_variant/variant415_entry.c,gcc_2_8_1_g0_split,9536dae0e9156482c788c18d81e8b6a33d5c626712c045251bad4e9a453d8c7b,3014e48b6ce1d627116b0ffaec43e3fc9d6cd9c724c77fccee505ced562e88e1,matched,0
french_model_variant_294_stage10_slot1,0x8017B004,0x12D4,src/overlays/model_variant/variant407_entry.c,src/overlays/french_model_variant/variant424_entry_slot1.c,gcc_2_8_1_g0_split,ac78aad400074902388a6fbd6c7b6f47d4124c334acdf071f40dc3986dfe44d5,2557d9b3477fa861fdd92de384f99764eed33a434a5ec85ce64bd1e3cee05ab0,matched,0
french_model_variant_294_stage9_slot0,0x8013B004,0x12D4,src/overlays/model_variant/variant407_entry.c,src/overlays/french_model_variant/variant424_entry.c,gcc_2_8_1_g0_split,9809013b554910fa8b34a009b191f6b085a3c3008d1da73b05ef552c4f720d68,2557d9b3477fa861fdd92de384f99764eed33a434a5ec85ce64bd1e3cee05ab0,matched,0
french_model_variant_297_stage7_slot0,0x8013B004,0x12D4,src/overlays/model_variant/variant407_entry.c,src/overlays/french_model_variant/variant424_entry.c,gcc_2_8_1_g0_split,9809013b554910fa8b34a009b191f6b085a3c3008d1da73b05ef552c4f720d68,2557d9b3477fa861fdd92de384f99764eed33a434a5ec85ce64bd1e3cee05ab0,matched,0
french_model_variant_297_stage8_slot1,0x8017B004,0x12D4,src/overlays/model_variant/variant407_entry.c,src/overlays/french_model_variant/variant424_entry_slot1.c,gcc_2_8_1_g0_split,ac78aad400074902388a6fbd6c7b6f47d4124c334acdf071f40dc3986dfe44d5,2557d9b3477fa861fdd92de384f99764eed33a434a5ec85ce64bd1e3cee05ab0,matched,0
french_model_variant_2_stage7_slot0,0x8013B004,0x1224,src/overlays/model_variant/variant397_entry.c,src/overlays/french_model_variant/variant414_entry.c,gcc_2_8_1_g0_split,5a4dea549293bfbd612d7c453b3bdfa6192ef17483389ffa99f70a15b85309ca,1e86ebc4f452a3e8b81a85d21447cd63c33de4588bdf2f29aea55955aac8380a,matched,0
french_model_variant_2_stage8_slot1,0x8017B004,0x1224,src/overlays/model_variant/variant397_entry.c,src/overlays/french_model_variant/variant414_entry_slot1.c,gcc_2_8_1_g0_split,e8a42d8682871e6ff082f06d6dafdff4c61569977f427e28986f54365210c329,1e86ebc4f452a3e8b81a85d21447cd63c33de4588bdf2f29aea55955aac8380a,matched,0
french_model_variant_34_stage7_slot0,0x8013B004,0x1080,src/overlays/model_variant/variant418_entry.c,src/overlays/french_model_variant/variant435_entry.c,gcc_2_8_1_g0_split,529f92dde045aba6e24534d57974f3423dd968f3605cf4ace2393cdfc77c587e,dd65b62c78b151984ac18ecbd7644232bce27c2af686b91f9b0fedc4493cdcdc,matched,0
french_model_variant_34_stage8_slot1,0x8017B004,0x1080,src/overlays/model_variant/variant418_entry.c,src/overlays/french_model_variant/variant435_entry_slot1.c,gcc_2_8_1_g0_split,2e87a387aae2fbf791e0803ffbb09daccb99b5cc35cfdaaa3a25a2a6a72c73a6,dd65b62c78b151984ac18ecbd7644232bce27c2af686b91f9b0fedc4493cdcdc,matched,0
french_model_variant_352_stage10_slot1,0x8017B004,0x12D4,src/overlays/model_variant/variant407_entry.c,src/overlays/french_model_variant/variant424_entry_slot1.c,gcc_2_8_1_g0_split,ac78aad400074902388a6fbd6c7b6f47d4124c334acdf071f40dc3986dfe44d5,2557d9b3477fa861fdd92de384f99764eed33a434a5ec85ce64bd1e3cee05ab0,matched,0
french_model_variant_352_stage9_slot0,0x8013B004,0x12D4,src/overlays/model_variant/variant407_entry.c,src/overlays/french_model_variant/variant424_entry.c,gcc_2_8_1_g0_split,9809013b554910fa8b34a009b191f6b085a3c3008d1da73b05ef552c4f720d68,2557d9b3477fa861fdd92de384f99764eed33a434a5ec85ce64bd1e3cee05ab0,matched,0
french_model_variant_358_stage10_slot1,0x8017B004,0x12D4,src/overlays/model_variant/variant407_entry.c,src/overlays/french_model_variant/variant424_entry_slot1.c,gcc_2_8_1_g0_split,ac78aad400074902388a6fbd6c7b6f47d4124c334acdf071f40dc3986dfe44d5,2557d9b3477fa861fdd92de384f99764eed33a434a5ec85ce64bd1e3cee05ab0,matched,0
french_model_variant_358_stage9_slot0,0x8013B004,0x12D4,src/overlays/model_variant/variant407_entry.c,src/overlays/french_model_variant/variant424_entry.c,gcc_2_8_1_g0_split,9809013b554910fa8b34a009b191f6b085a3c3008d1da73b05ef552c4f720d68,2557d9b3477fa861fdd92de384f99764eed33a434a5ec85ce64bd1e3cee05ab0,matched,0
french_model_variant_361_stage10_slot1,0x8017B004,0x1030,src/overlays/model_variant/variant428_entry.c,src/overlays/french_model_variant/variant445_entry_slot1.c,gcc_2_8_1_g0_split,2e00b2179852c84a4a4b40d5bbb22aa068bd3d8ba04967c38b956457d46e40ac,f521557dc75f10c0f48b51acf1228f50975b43f9d6f6a3be519474a3d67b0210,matched,0
french_model_variant_361_stage7_slot0,0x8013B004,0x1080,src/overlays/model_variant/variant418_entry.c,src/overlays/french_model_variant/variant435_entry.c,gcc_2_8_1_g0_split,529f92dde045aba6e24534d57974f3423dd968f3605cf4ace2393cdfc77c587e,dd65b62c78b151984ac18ecbd7644232bce27c2af686b91f9b0fedc4493cdcdc,matched,0
french_model_variant_361_stage8_slot1,0x8017B004,0x1080,src/overlays/model_variant/variant418_entry.c,src/overlays/french_model_variant/variant435_entry_slot1.c,gcc_2_8_1_g0_split,2e87a387aae2fbf791e0803ffbb09daccb99b5cc35cfdaaa3a25a2a6a72c73a6,dd65b62c78b151984ac18ecbd7644232bce27c2af686b91f9b0fedc4493cdcdc,matched,0
french_model_variant_361_stage9_slot0,0x8013B004,0x1030,src/overlays/model_variant/variant428_entry.c,src/overlays/french_model_variant/variant445_entry.c,gcc_2_8_1_g0_split,f2a3e7f3e8f0146f70c1d685e2ea64046a10f8bd34c71fbd2beeb7ba00cc0f49,f521557dc75f10c0f48b51acf1228f50975b43f9d6f6a3be519474a3d67b0210,matched,0
french_model_variant_368_stage10_slot1,0x8017B004,0x1030,src/overlays/model_variant/variant428_entry.c,src/overlays/french_model_variant/variant445_entry_slot1.c,gcc_2_8_1_g0_split,2e00b2179852c84a4a4b40d5bbb22aa068bd3d8ba04967c38b956457d46e40ac,f521557dc75f10c0f48b51acf1228f50975b43f9d6f6a3be519474a3d67b0210,matched,0
french_model_variant_368_stage9_slot0,0x8013B004,0x1030,src/overlays/model_variant/variant428_entry.c,src/overlays/french_model_variant/variant445_entry.c,gcc_2_8_1_g0_split,f2a3e7f3e8f0146f70c1d685e2ea64046a10f8bd34c71fbd2beeb7ba00cc0f49,f521557dc75f10c0f48b51acf1228f50975b43f9d6f6a3be519474a3d67b0210,matched,0
french_model_variant_369_stage10_slot1,0x8017B004,0x11CC,src/overlays/model_variant/variant404_entry.c,src/overlays/french_model_variant/variant421_entry_slot1.c,gcc_2_8_1_g0_split,350c54b87786a250bfd89bbcd3d381b175d86eaea98ba56fe531fc6fc95ddd14,50723d79b982529b296963faa80ecf7951881696f6be6d82fc3089a86fadd847,matched,0
french_model_variant_369_stage9_slot0,0x8013B004,0x11CC,src/overlays/model_variant/variant404_entry.c,src/overlays/french_model_variant/variant421_entry.c,gcc_2_8_1_g0_split,15f4868ba67a0c5156b41cce3f7476db3acc34261eda091859c1667609758bba,50723d79b982529b296963faa80ecf7951881696f6be6d82fc3089a86fadd847,matched,0
french_model_variant_376_stage7_slot0,0x8013B004,0x12D4,src/overlays/model_variant/variant407_entry.c,src/overlays/french_model_variant/variant424_entry.c,gcc_2_8_1_g0_split,9809013b554910fa8b34a009b191f6b085a3c3008d1da73b05ef552c4f720d68,2557d9b3477fa861fdd92de384f99764eed33a434a5ec85ce64bd1e3cee05ab0,matched,0
french_model_variant_376_stage8_slot1,0x8017B004,0x12D4,src/overlays/model_variant/variant407_entry.c,src/overlays/french_model_variant/variant424_entry_slot1.c,gcc_2_8_1_g0_split,ac78aad400074902388a6fbd6c7b6f47d4124c334acdf071f40dc3986dfe44d5,2557d9b3477fa861fdd92de384f99764eed33a434a5ec85ce64bd1e3cee05ab0,matched,0
french_model_variant_388_stage10_slot1,0x8017B004,0x1224,src/overlays/model_variant/variant397_entry.c,src/overlays/french_model_variant/variant414_entry_slot1.c,gcc_2_8_1_g0_split,e8a42d8682871e6ff082f06d6dafdff4c61569977f427e28986f54365210c329,1e86ebc4f452a3e8b81a85d21447cd63c33de4588bdf2f29aea55955aac8380a,matched,0
french_model_variant_388_stage9_slot0,0x8013B004,0x1224,src/overlays/model_variant/variant397_entry.c,src/overlays/french_model_variant/variant414_entry.c,gcc_2_8_1_g0_split,5a4dea549293bfbd612d7c453b3bdfa6192ef17483389ffa99f70a15b85309ca,1e86ebc4f452a3e8b81a85d21447cd63c33de4588bdf2f29aea55955aac8380a,matched,0
french_model_variant_399_stage10_slot1,0x8017B004,0x12D4,src/overlays/model_variant/variant407_entry.c,src/overlays/french_model_variant/variant424_entry_slot1.c,gcc_2_8_1_g0_split,ac78aad400074902388a6fbd6c7b6f47d4124c334acdf071f40dc3986dfe44d5,2557d9b3477fa861fdd92de384f99764eed33a434a5ec85ce64bd1e3cee05ab0,matched,0
french_model_variant_399_stage9_slot0,0x8013B004,0x12D4,src/overlays/model_variant/variant407_entry.c,src/overlays/french_model_variant/variant424_entry.c,gcc_2_8_1_g0_split,9809013b554910fa8b34a009b191f6b085a3c3008d1da73b05ef552c4f720d68,2557d9b3477fa861fdd92de384f99764eed33a434a5ec85ce64bd1e3cee05ab0,matched,0
french_model_variant_427_stage10_slot1,0x8017B004,0x1224,src/overlays/model_variant/variant397_entry.c,src/overlays/french_model_variant/variant414_entry_slot1.c,gcc_2_8_1_g0_split,e8a42d8682871e6ff082f06d6dafdff4c61569977f427e28986f54365210c329,1e86ebc4f452a3e8b81a85d21447cd63c33de4588bdf2f29aea55955aac8380a,matched,0
french_model_variant_427_stage9_slot0,0x8013B004,0x1224,src/overlays/model_variant/variant397_entry.c,src/overlays/french_model_variant/variant414_entry.c,gcc_2_8_1_g0_split,5a4dea549293bfbd612d7c453b3bdfa6192ef17483389ffa99f70a15b85309ca,1e86ebc4f452a3e8b81a85d21447cd63c33de4588bdf2f29aea55955aac8380a,matched,0
french_model_variant_440_stage7_slot0,0x8013B004,0x104C,src/overlays/model_variant/variant416_entry.c,src/overlays/french_model_variant/variant433_entry.c,gcc_2_8_1_g0_split,78d91b0aa9d7776f969ba0a206c43c30a2a7a0f0c79b84739cbdf52bea4affd5,935b0aebf3b5d126189484115c2e6525e215831ae94f7bd78910bb06e4d596cc,matched,0
french_model_variant_440_stage8_slot1,0x8017B004,0x104C,src/overlays/model_variant/variant416_entry.c,src/overlays/french_model_variant/variant433_entry_slot1.c,gcc_2_8_1_g0_split,fa07d888db836effc58e116d01bb7a11c90f30693d84c9c06eb3ccffc938fd39,935b0aebf3b5d126189484115c2e6525e215831ae94f7bd78910bb06e4d596cc,matched,0
french_model_variant_465_stage10_slot1,0x8017B004,0x12D4,src/overlays/model_variant/variant407_entry.c,src/overlays/french_model_variant/variant424_entry_slot1.c,gcc_2_8_1_g0_split,ac78aad400074902388a6fbd6c7b6f47d4124c334acdf071f40dc3986dfe44d5,2557d9b3477fa861fdd92de384f99764eed33a434a5ec85ce64bd1e3cee05ab0,matched,0
french_model_variant_465_stage9_slot0,0x8013B004,0x12D4,src/overlays/model_variant/variant407_entry.c,src/overlays/french_model_variant/variant424_entry.c,gcc_2_8_1_g0_split,9809013b554910fa8b34a009b191f6b085a3c3008d1da73b05ef552c4f720d68,2557d9b3477fa861fdd92de384f99764eed33a434a5ec85ce64bd1e3cee05ab0,matched,0
french_model_variant_469_stage10_slot1,0x8017B004,0x1080,src/overlays/model_variant/variant418_entry.c,src/overlays/french_model_variant/variant435_entry_slot1.c,gcc_2_8_1_g0_split,2e87a387aae2fbf791e0803ffbb09daccb99b5cc35cfdaaa3a25a2a6a72c73a6,dd65b62c78b151984ac18ecbd7644232bce27c2af686b91f9b0fedc4493cdcdc,matched,0
french_model_variant_469_stage9_slot0,0x8013B004,0x1080,src/overlays/model_variant/variant418_entry.c,src/overlays/french_model_variant/variant435_entry.c,gcc_2_8_1_g0_split,529f92dde045aba6e24534d57974f3423dd968f3605cf4ace2393cdfc77c587e,dd65b62c78b151984ac18ecbd7644232bce27c2af686b91f9b0fedc4493cdcdc,matched,0
french_model_variant_478_stage10_slot1,0x8017B004,0x1030,src/overlays/model_variant/variant428_entry.c,src/overlays/french_model_variant/variant445_entry_slot1.c,gcc_2_8_1_g0_split,2e00b2179852c84a4a4b40d5bbb22aa068bd3d8ba04967c38b956457d46e40ac,f521557dc75f10c0f48b51acf1228f50975b43f9d6f6a3be519474a3d67b0210,matched,0
french_model_variant_478_stage9_slot0,0x8013B004,0x1030,src/overlays/model_variant/variant428_entry.c,src/overlays/french_model_variant/variant445_entry.c,gcc_2_8_1_g0_split,f2a3e7f3e8f0146f70c1d685e2ea64046a10f8bd34c71fbd2beeb7ba00cc0f49,f521557dc75f10c0f48b51acf1228f50975b43f9d6f6a3be519474a3d67b0210,matched,0
french_model_variant_491_stage7_slot0,0x8013B004,0x1080,src/overlays/model_variant/variant418_entry.c,src/overlays/french_model_variant/variant435_entry.c,gcc_2_8_1_g0_split,529f92dde045aba6e24534d57974f3423dd968f3605cf4ace2393cdfc77c587e,dd65b62c78b151984ac18ecbd7644232bce27c2af686b91f9b0fedc4493cdcdc,matched,0
french_model_variant_491_stage8_slot1,0x8017B004,0x1080,src/overlays/model_variant/variant418_entry.c,src/overlays/french_model_variant/variant435_entry_slot1.c,gcc_2_8_1_g0_split,2e87a387aae2fbf791e0803ffbb09daccb99b5cc35cfdaaa3a25a2a6a72c73a6,dd65b62c78b151984ac18ecbd7644232bce27c2af686b91f9b0fedc4493cdcdc,matched,0
french_model_variant_520_stage10_slot1,0x8017B004,0x12D4,src/overlays/model_variant/variant407_entry.c,src/overlays/french_model_variant/variant424_entry_slot1.c,gcc_2_8_1_g0_split,ac78aad400074902388a6fbd6c7b6f47d4124c334acdf071f40dc3986dfe44d5,2557d9b3477fa861fdd92de384f99764eed33a434a5ec85ce64bd1e3cee05ab0,matched,0
french_model_variant_520_stage9_slot0,0x8013B004,0x12D4,src/overlays/model_variant/variant407_entry.c,src/overlays/french_model_variant/variant424_entry.c,gcc_2_8_1_g0_split,9809013b554910fa8b34a009b191f6b085a3c3008d1da73b05ef552c4f720d68,2557d9b3477fa861fdd92de384f99764eed33a434a5ec85ce64bd1e3cee05ab0,matched,0
french_model_variant_573_stage7_slot0,0x8013B004,0x1224,src/overlays/model_variant/variant397_entry.c,src/overlays/french_model_variant/variant414_entry.c,gcc_2_8_1_g0_split,5a4dea549293bfbd612d7c453b3bdfa6192ef17483389ffa99f70a15b85309ca,1e86ebc4f452a3e8b81a85d21447cd63c33de4588bdf2f29aea55955aac8380a,matched,0
french_model_variant_573_stage8_slot1,0x8017B004,0x1224,src/overlays/model_variant/variant397_entry.c,src/overlays/french_model_variant/variant414_entry_slot1.c,gcc_2_8_1_g0_split,e8a42d8682871e6ff082f06d6dafdff4c61569977f427e28986f54365210c329,1e86ebc4f452a3e8b81a85d21447cd63c33de4588bdf2f29aea55955aac8380a,matched,0
french_model_variant_580_stage7_slot0,0x8013B004,0x1080,src/overlays/model_variant/variant418_entry.c,src/overlays/french_model_variant/variant435_entry.c,gcc_2_8_1_g0_split,529f92dde045aba6e24534d57974f3423dd968f3605cf4ace2393cdfc77c587e,dd65b62c78b151984ac18ecbd7644232bce27c2af686b91f9b0fedc4493cdcdc,matched,0
french_model_variant_580_stage8_slot1,0x8017B004,0x1080,src/overlays/model_variant/variant418_entry.c,src/overlays/french_model_variant/variant435_entry_slot1.c,gcc_2_8_1_g0_split,2e87a387aae2fbf791e0803ffbb09daccb99b5cc35cfdaaa3a25a2a6a72c73a6,dd65b62c78b151984ac18ecbd7644232bce27c2af686b91f9b0fedc4493cdcdc,matched,0
french_model_variant_590_stage10_slot1,0x8017B004,0x1080,src/overlays/model_variant/variant418_entry.c,src/overlays/french_model_variant/variant435_entry_slot1.c,gcc_2_8_1_g0_split,2e87a387aae2fbf791e0803ffbb09daccb99b5cc35cfdaaa3a25a2a6a72c73a6,dd65b62c78b151984ac18ecbd7644232bce27c2af686b91f9b0fedc4493cdcdc,matched,0
french_model_variant_590_stage9_slot0,0x8013B004,0x1080,src/overlays/model_variant/variant418_entry.c,src/overlays/french_model_variant/variant435_entry.c,gcc_2_8_1_g0_split,529f92dde045aba6e24534d57974f3423dd968f3605cf4ace2393cdfc77c587e,dd65b62c78b151984ac18ecbd7644232bce27c2af686b91f9b0fedc4493cdcdc,matched,0
french_model_variant_595_stage7_slot0,0x8013B004,0x12D4,src/overlays/model_variant/variant407_entry.c,src/overlays/french_model_variant/variant424_entry.c,gcc_2_8_1_g0_split,9809013b554910fa8b34a009b191f6b085a3c3008d1da73b05ef552c4f720d68,2557d9b3477fa861fdd92de384f99764eed33a434a5ec85ce64bd1e3cee05ab0,matched,0
french_model_variant_595_stage8_slot1,0x8017B004,0x12D4,src/overlays/model_variant/variant407_entry.c,src/overlays/french_model_variant/variant424_entry_slot1.c,gcc_2_8_1_g0_split,ac78aad400074902388a6fbd6c7b6f47d4124c334acdf071f40dc3986dfe44d5,2557d9b3477fa861fdd92de384f99764eed33a434a5ec85ce64bd1e3cee05ab0,matched,0
french_model_variant_596_stage7_slot0,0x8013B004,0x1030,src/overlays/model_variant/variant428_entry.c,src/overlays/french_model_variant/variant445_entry.c,gcc_2_8_1_g0_split,f2a3e7f3e8f0146f70c1d685e2ea64046a10f8bd34c71fbd2beeb7ba00cc0f49,f521557dc75f10c0f48b51acf1228f50975b43f9d6f6a3be519474a3d67b0210,matched,0
french_model_variant_596_stage8_slot1,0x8017B004,0x1030,src/overlays/model_variant/variant428_entry.c,src/overlays/french_model_variant/variant445_entry_slot1.c,gcc_2_8_1_g0_split,2e00b2179852c84a4a4b40d5bbb22aa068bd3d8ba04967c38b956457d46e40ac,f521557dc75f10c0f48b51acf1228f50975b43f9d6f6a3be519474a3d67b0210,matched,0
french_model_variant_621_stage10_slot1,0x8017B004,0x12D4,src/overlays/model_variant/variant407_entry.c,src/overlays/french_model_variant/variant424_entry_slot1.c,gcc_2_8_1_g0_split,ac78aad400074902388a6fbd6c7b6f47d4124c334acdf071f40dc3986dfe44d5,2557d9b3477fa861fdd92de384f99764eed33a434a5ec85ce64bd1e3cee05ab0,matched,0
french_model_variant_621_stage9_slot0,0x8013B004,0x12D4,src/overlays/model_variant/variant407_entry.c,src/overlays/french_model_variant/variant424_entry.c,gcc_2_8_1_g0_split,9809013b554910fa8b34a009b191f6b085a3c3008d1da73b05ef552c4f720d68,2557d9b3477fa861fdd92de384f99764eed33a434a5ec85ce64bd1e3cee05ab0,matched,0
french_model_variant_640_stage7_slot0,0x8013B004,0x1080,src/overlays/model_variant/variant418_entry.c,src/overlays/french_model_variant/variant435_entry.c,gcc_2_8_1_g0_split,529f92dde045aba6e24534d57974f3423dd968f3605cf4ace2393cdfc77c587e,dd65b62c78b151984ac18ecbd7644232bce27c2af686b91f9b0fedc4493cdcdc,matched,0
french_model_variant_640_stage8_slot1,0x8017B004,0x1080,src/overlays/model_variant/variant418_entry.c,src/overlays/french_model_variant/variant435_entry_slot1.c,gcc_2_8_1_g0_split,2e87a387aae2fbf791e0803ffbb09daccb99b5cc35cfdaaa3a25a2a6a72c73a6,dd65b62c78b151984ac18ecbd7644232bce27c2af686b91f9b0fedc4493cdcdc,matched,0
french_model_variant_642_stage10_slot1,0x8017B004,0x12B0,src/overlays/model_variant/variant398_entry.c,src/overlays/french_model_variant/variant415_entry_slot1.c,gcc_2_8_1_g0_split,2de5776cc0cc67682d51b3659f93ac51e95622ba390af4130b89c634957d21b2,3014e48b6ce1d627116b0ffaec43e3fc9d6cd9c724c77fccee505ced562e88e1,matched,0
french_model_variant_642_stage9_slot0,0x8013B004,0x12B0,src/overlays/model_variant/variant398_entry.c,src/overlays/french_model_variant/variant415_entry.c,gcc_2_8_1_g0_split,9536dae0e9156482c788c18d81e8b6a33d5c626712c045251bad4e9a453d8c7b,3014e48b6ce1d627116b0ffaec43e3fc9d6cd9c724c77fccee505ced562e88e1,matched,0
french_model_variant_645_stage10_slot1,0x8017B004,0x12B0,src/overlays/model_variant/variant398_entry.c,src/overlays/french_model_variant/variant415_entry_slot1.c,gcc_2_8_1_g0_split,2de5776cc0cc67682d51b3659f93ac51e95622ba390af4130b89c634957d21b2,3014e48b6ce1d627116b0ffaec43e3fc9d6cd9c724c77fccee505ced562e88e1,matched,0
french_model_variant_645_stage9_slot0,0x8013B004,0x12B0,src/overlays/model_variant/variant398_entry.c,src/overlays/french_model_variant/variant415_entry.c,gcc_2_8_1_g0_split,9536dae0e9156482c788c18d81e8b6a33d5c626712c045251bad4e9a453d8c7b,3014e48b6ce1d627116b0ffaec43e3fc9d6cd9c724c77fccee505ced562e88e1,matched,0
french_model_variant_68_stage7_slot0,0x8013B004,0x12D4,src/overlays/model_variant/variant407_entry.c,src/overlays/french_model_variant/variant424_entry.c,gcc_2_8_1_g0_split,9809013b554910fa8b34a009b191f6b085a3c3008d1da73b05ef552c4f720d68,2557d9b3477fa861fdd92de384f99764eed33a434a5ec85ce64bd1e3cee05ab0,matched,0
french_model_variant_68_stage8_slot1,0x8017B004,0x12D4,src/overlays/model_variant/variant407_entry.c,src/overlays/french_model_variant/variant424_entry_slot1.c,gcc_2_8_1_g0_split,ac78aad400074902388a6fbd6c7b6f47d4124c334acdf071f40dc3986dfe44d5,2557d9b3477fa861fdd92de384f99764eed33a434a5ec85ce64bd1e3cee05ab0,matched,0
french_model_variant_71_stage7_slot0,0x8013B004,0x1080,src/overlays/model_variant/variant418_entry.c,src/overlays/french_model_variant/variant435_entry.c,gcc_2_8_1_g0_split,529f92dde045aba6e24534d57974f3423dd968f3605cf4ace2393cdfc77c587e,dd65b62c78b151984ac18ecbd7644232bce27c2af686b91f9b0fedc4493cdcdc,matched,0
french_model_variant_71_stage8_slot1,0x8017B004,0x1080,src/overlays/model_variant/variant418_entry.c,src/overlays/french_model_variant/variant435_entry_slot1.c,gcc_2_8_1_g0_split,2e87a387aae2fbf791e0803ffbb09daccb99b5cc35cfdaaa3a25a2a6a72c73a6,dd65b62c78b151984ac18ecbd7644232bce27c2af686b91f9b0fedc4493cdcdc,matched,0
french_model_variant_84_stage7_slot0,0x8013B004,0x11CC,src/overlays/model_variant/variant404_entry.c,src/overlays/french_model_variant/variant421_entry.c,gcc_2_8_1_g0_split,15f4868ba67a0c5156b41cce3f7476db3acc34261eda091859c1667609758bba,50723d79b982529b296963faa80ecf7951881696f6be6d82fc3089a86fadd847,matched,0
french_model_variant_84_stage8_slot1,0x8017B004,0x11CC,src/overlays/model_variant/variant404_entry.c,src/overlays/french_model_variant/variant421_entry_slot1.c,gcc_2_8_1_g0_split,350c54b87786a250bfd89bbcd3d381b175d86eaea98ba56fe531fc6fc95ddd14,50723d79b982529b296963faa80ecf7951881696f6be6d82fc3089a86fadd847,matched,0
french_model_variant_87_stage7_slot0,0x8013B004,0x1224,src/overlays/model_variant/variant397_entry.c,src/overlays/french_model_variant/variant414_entry.c,gcc_2_8_1_g0_split,5a4dea549293bfbd612d7c453b3bdfa6192ef17483389ffa99f70a15b85309ca,1e86ebc4f452a3e8b81a85d21447cd63c33de4588bdf2f29aea55955aac8380a,matched,0
french_model_variant_87_stage8_slot1,0x8017B004,0x1224,src/overlays/model_variant/variant397_entry.c,src/overlays/french_model_variant/variant414_entry_slot1.c,gcc_2_8_1_g0_split,e8a42d8682871e6ff082f06d6dafdff4c61569977f427e28986f54365210c329,1e86ebc4f452a3e8b81a85d21447cd63c33de4588bdf2f29aea55955aac8380a,matched,0
french_model_variant_88_stage10_slot1,0x8017B004,0x11CC,src/overlays/model_variant/variant404_entry.c,src/overlays/french_model_variant/variant421_entry_slot1.c,gcc_2_8_1_g0_split,350c54b87786a250bfd89bbcd3d381b175d86eaea98ba56fe531fc6fc95ddd14,50723d79b982529b296963faa80ecf7951881696f6be6d82fc3089a86fadd847,matched,0
french_model_variant_88_stage9_slot0,0x8013B004,0x11CC,src/overlays/model_variant/variant404_entry.c,src/overlays/french_model_variant/variant421_entry.c,gcc_2_8_1_g0_split,15f4868ba67a0c5156b41cce3f7476db3acc34261eda091859c1667609758bba,50723d79b982529b296963faa80ecf7951881696f6be6d82fc3089a86fadd847,matched,0
french_model_variant_96_stage7_slot0,0x8013B004,0x12D4,src/overlays/model_variant/variant407_entry.c,src/overlays/french_model_variant/variant424_entry.c,gcc_2_8_1_g0_split,9809013b554910fa8b34a009b191f6b085a3c3008d1da73b05ef552c4f720d68,2557d9b3477fa861fdd92de384f99764eed33a434a5ec85ce64bd1e3cee05ab0,matched,0
french_model_variant_96_stage8_slot1,0x8017B004,0x12D4,src/overlays/model_variant/variant407_entry.c,src/overlays/french_model_variant/variant424_entry_slot1.c,gcc_2_8_1_g0_split,ac78aad400074902388a6fbd6c7b6f47d4124c334acdf071f40dc3986dfe44d5,2557d9b3477fa861fdd92de384f99764eed33a434a5ec85ce64bd1e3cee05ab0,matched,0
