attempt,function_offset,slot,fingerprint,profile,result,instruction_bytes,different_words,reason
native-complete-first-positive-started,0x4,0,e385dc0554450e0a4e18f821cfe57e172aba3a3a80ed7b834c086735018f795a,gcc_2_8_1_g0_split,mismatch,3764,2,"Combine complete-first outer terminal control flow with positive started-byte return-zero arm, recovering the native shared state reload and final return-zero block. Frame 736/736; full-length comparison 3764/3764 bytes."
native-complete-first-positive-started,0x4,1,e385dc0554450e0a4e18f821cfe57e172aba3a3a80ed7b834c086735018f795a,gcc_2_8_1_g0_split,mismatch,3764,2,"Combine complete-first outer terminal control flow with positive started-byte return-zero arm, recovering the native shared state reload and final return-zero block. Frame 736/736; full-length comparison 3764/3764 bytes."
native-complete-first-terminal-tree,0x4,0,2a3499e597e9cad527deb05c8761526f83c477aac4fdfed547e3e7e34b1aa22d,gcc_2_8_1_g0_split,mismatch,3764,8,Use an explicit complete-first terminal decision followed by started-zero and already-started return arms to recover the native reload and fallthrough zero block. Frame 736/736; full-length comparison 3764/3764 bytes.
native-complete-first-terminal-tree,0x4,1,2a3499e597e9cad527deb05c8761526f83c477aac4fdfed547e3e7e34b1aa22d,gcc_2_8_1_g0_split,mismatch,3764,8,Use an explicit complete-first terminal decision followed by started-zero and already-started return arms to recover the native reload and fallthrough zero block. Frame 736/736; full-length comparison 3764/3764 bytes.
native-derived-ring-angle,0x4,0,c6cba7695ab3b52769ea5e5b8c66d8c0a9a700a6fe2ea50c59c41b62679bd361,gcc_2_8_1_g0_split,text_exact,3764,0,"Derive ring angle directly from point index at both trigonometric calls, allowing the shared saved-register expression instead of an independent angle assignment. Frame 736/736; full-length comparison 3764/3764 bytes."
native-derived-ring-angle,0x4,1,c6cba7695ab3b52769ea5e5b8c66d8c0a9a700a6fe2ea50c59c41b62679bd361,gcc_2_8_1_g0_split,text_exact,3764,0,"Derive ring angle directly from point index at both trigonometric calls, allowing the shared saved-register expression instead of an independent angle assignment. Frame 736/736; full-length comparison 3764/3764 bytes."
native-positive-started-terminal,0x4,0,ac203c7e0628128b311c2d61816b371ab1a39dbea329e3db3000adc76e930875,gcc_2_8_1_g0_split,mismatch,3764,11,"Express the terminal started-byte test positively with explicit return-zero and return-one arms, preserving native shared return control flow rather than a fallthrough zero. Frame 736/736; full-length comparison 3764/3764 bytes."
native-positive-started-terminal,0x4,1,ac203c7e0628128b311c2d61816b371ab1a39dbea329e3db3000adc76e930875,gcc_2_8_1_g0_split,mismatch,3764,11,"Express the terminal started-byte test positively with explicit return-zero and return-one arms, preserving native shared return control flow rather than a fallthrough zero. Frame 736/736; full-length comparison 3764/3764 bytes."
native-radial-path-and-rings,0x4,0,d6fd27b96a818392b8aa479101fb96004a3922198d8374bb298d7c24bf953744,gcc_2_8_1_g0_split,mismatch,3748,347,"Independently recovered127 initialized path points,34 ring vertices, native signed phase arithmetic and fixed-depth flat submissions. Frame 728/736; full-length comparison 3748/3764 bytes."
native-radial-path-and-rings,0x4,1,d6fd27b96a818392b8aa479101fb96004a3922198d8374bb298d7c24bf953744,gcc_2_8_1_g0_split,mismatch,3748,347,"Independently recovered127 initialized path points,34 ring vertices, native signed phase arithmetic and fixed-depth flat submissions. Frame 728/736; full-length comparison 3748/3764 bytes."
native-shared-curve-phase-value,0x4,0,7f830fb5cfeed309228f270d774f577c4e568205e2c375a9e6e01827fda1b8c5,gcc_2_8_1_g0_split,mismatch,3748,253,"Reuse the phase value for sampled curve angle, matching native s0 lifetime shared with radius, scale and atlas phases rather than a function-wide independent angle. Frame 728/736; full-length comparison 3748/3764 bytes."
native-shared-curve-phase-value,0x4,1,7f830fb5cfeed309228f270d774f577c4e568205e2c375a9e6e01827fda1b8c5,gcc_2_8_1_g0_split,mismatch,3748,253,"Reuse the phase value for sampled curve angle, matching native s0 lifetime shared with radius, scale and atlas phases rather than a function-wide independent angle. Frame 728/736; full-length comparison 3748/3764 bytes."
native-shared-ring-opposite-index,0x4,0,ed7e6534ee6a5f643ccec9bacbf7e84994dfd7dd9391d45d2a21484be5a98d3a,gcc_2_8_1_g0_split,mismatch,3756,27,"Recover explicit opposite-ring vertex index in the shared phase scalar, using the same index for projected positions, depth and flag arrays. Frame 736/736; full-length comparison 3756/3764 bytes."
native-shared-ring-opposite-index,0x4,1,ed7e6534ee6a5f643ccec9bacbf7e84994dfd7dd9391d45d2a21484be5a98d3a,gcc_2_8_1_g0_split,mismatch,3756,27,"Recover explicit opposite-ring vertex index in the shared phase scalar, using the same index for projected positions, depth and flag arrays. Frame 736/736; full-length comparison 3756/3764 bytes."
1020-canonical-slot0,0x4,0,037059f5b37f08b2355617e7eb13afeba1ddc5c12adc7d0d834301914ce280e3,gcc_2_8_1_g0_split,matched,3764,0,"All2 complete20480-byte images exact; sized linked entry C definitions, exclusive16-byte source literal sections and disjoint raw owners verified;25actual resident callees exact."
1020-canonical-slot1,0x4,1,3995feb1254754c724d5de50059be741ea59ed455e7bdff7a2d6a64abf6a5e7c,gcc_2_8_1_g0_split,matched,3764,0,"All2 complete20480-byte images exact; sized linked entry C definitions, exclusive16-byte source literal sections and disjoint raw owners verified;25actual resident callees exact."
