model_id,record_index,slot0_sector,slot1_sector,slot0_sha256,slot1_sha256
0,0,220,222,9aedf612f3c8c60f4b92bb30af265ce9635c4a9459077329d4c0c23df6df995c,4038821a16cd4686dff18f2f59ea51fe31067c3046f579b7e4cf645cc6005a95
1,1,496,498,aaa8b512751e97a29ca1e2814ef3028a370b8721f8868450827becf4bf4a3cf5,22c7664ba74226a9c7223a7f112b91687b9d170eb1184554c645522c4e73dfbb
2,2,772,774,3664bd1d913597334a7c705690fbb0acca00f01137ccc5c7becda0411e2d5aab,846a71f31ea81bde7559c4d89830d9d1163d093cce714c9e071d0beef9c6d3b0
3,3,1048,1050,ce12425a6608d2125939eb22e4a2ea4bf87230e09fa3a761e16ec583d1fa1240,ba002264671634beba51ce1de0ac8be21819e5f29e0613ce1170844637f5848d
4,4,1324,1326,3f626828a2b335db609646259a17f02539697a80b9abf70d89664105deac4fe1,09e4e5a8b38adff4c71e53478e6afd19b8b3781a2cd491b6bd2640644f4d15ad
5,5,1600,1602,5abdb73e83203ecaa9915f65399935d432e14ae14af4f652ddc62f31a897cf7f,0eb5ec09a8cdb8ca3490fc6ac2c1834fd52f08e0484693cfe32a9c2809ce5488
6,6,1876,1878,704bd6d006d940c1c25767f9eb25d0f8e693ac14d26bc311adf2db6a33ca2797,d2378280de201e74a49da50782a021e663f8a5d554f5d9f87ca76b3e31613626
7,7,2152,2154,720654fe0278bd90b97c5e169ed4c1f9510a1c8e5f02cf10cb20c44610806053,c4b92ff4b4634d83f9307353416d37066d0fc3c739a14340bbf64d99e1f6bf74
9,9,2704,2706,a50774b76fce042bc986460a60cd243f7570df2ba39a2d6864c3a4a64ef24951,eacc32ba899febace770b6d4224232cbfa65c625e3797eff84f42f47742e5728
10,10,2980,2982,03a5ad1e481048e41d7d4c93c4bb58f474786344edb93180fe932dec55d27d41,a207bf140ede68f7f058e6bdcc8e5bd5efc7962e84ef3020a8ad0777055eed51
11,11,3256,3258,7005025cea92eb452d8c4a77c052712ff1fa00e0b66ae3bb10c07bd889960900,c03057f2adafac4d19b9936fa098920b263d68e4cf2d70cfa650c8ef58390109
12,12,3532,3534,6aae3deddb49efb86bbd6b81ec8992cd93e1607eedc31b7cd81f5bdb8e4fc23f,94b12597f0052fcf6fa26d6cf75145866b5a17596362a7c92be28fad007cebea
13,13,3808,3810,931adb9fceedd8540007981d9612375366bdc18bcf23aefd8668331562ce25a7,7f90d5b643eedac349a56581d35c0c2ed0233c1e349c15e2d2f60ef9d6cb971a
14,14,4084,4086,5d2f7a6f9a9f69b40a1cb1b25ecab17b04f4e54088d3bce424fd2140f6976d96,4970702da9c6608b42bd00bcd76abeb786e892a769bff4109c76cafdd26010c4
15,15,4360,4362,6f79704cb0128d85de46e97221a40a609a345263412fd5bd66736b2caa360772,d45c67e72c66881e5fcaed580480ae0010bdb35c40d12f92ebd4c13765eb1efc
16,16,4636,4638,444cd76060d016079e9431f215e297029e2aa6db4342a473fc2299cd3c43693c,f3caa4bc1a70dc3504b7f794dced5e8bb1d5191e0b244848dc7c7a68b3abaa6f
17,17,4912,4914,f131ec2b68358161698be4b19fbd15356c11f0af534cc08c148ad414583bfc00,a1b87d523f09f94c4f3c81a71822c0f48d65cee1c6ea2af0bea9f00fe6f42333
18,18,5188,5190,61b3efc1c6690b793cca9230943cbd7df44137baf9053c12815ee9dac3c2821a,4743d37ef40c6f60a526c1b377fa8b799329d9c3a4231aa53c4a9fb93f146450
19,19,5464,5466,fdcaf1434b12d6dee8ae40da68ad37019e10c7085ac68a4d1d47d366e9b3f5c4,22d4725b3437582503880cb52479707a2936deee9f59ae3bf2853826ed8cec20
20,20,5740,5742,03a607fb53ae895865e4b3b6f8ff2fa765ef437f33aaaf065a45d3fa1f2532dd,44b5335c2bbe3253db0a14b675c30a3786e2b1e3eb1b73bb27a170cd1ffb120f
21,21,6016,6018,cc3dbc7649cec82f83062f91eafb9fd0e43f7149b735948bc75f8ffb7123e0d0,4c09bba52373bff8032e86b2bc4dffa83333b0404fca44e0d969864839c5bf7d
22,22,6292,6294,b75104024b32726094402167921611c2a3c34a102db32364d996ea432fe66991,42cf447d088dec835dd09b9c910a10ffbf67daa58b5d5131c27a6653fcae6481
23,23,6568,6570,e302a8ef7ddc7f770a3a192902e7fbdfd5579fc94b93f0afd3152fe751456ebd,9c0563b905d2538b20d6f6e47fa1e27bba9df0ce813ebea9c5028044f405e812
24,24,6844,6846,e10d369e8e9083e30f63fe430b0b29f8a84aa73c58ddcb463cce953a2a8ffc1b,91f98d02f6ea6df0e98a25f2fab3898a47b8be44fb9f53a862f6c433a9d8f555
25,25,7120,7122,17eebbcfa7f0a726f6380618adbe6d3ad7f26049652e7f4abdb0e005b3bcf94b,1f0fba453b050e5ce30a375bd1c1c10a2fb2bcdf04daa0434c35c6aa351e8635
26,26,7396,7398,f21f3e7767f0a7f73de236f1e3b0a68df5198ddd0b5465ab1adc394a836797e2,e96a6695be25f835dde81614dfeb81c5bb14110d1b5a6739bfd0b905f3a725ee
27,27,7672,7674,464467de6e379a46062805394aca4df78d29ef2c841652efc012ad326fbe967f,a80b0984c813d3d938b45a8b4fc172a9e776bf78d1360d4bd96bdedd4a8a5590
28,28,7948,7950,b62cf674db7ac7f50c75b80cb491ac0e4680fcd29810145d6a952f3850d7fc15,bb16ace1e1cad645364749cd36b955e13285d0c9df6f669782fbd73f61245f24
29,29,8224,8226,46d7a666c37c35f534b0ffc50a392b22a21c7be3aeca6208eac8a970962cb2ac,15faa85c6913955e80237ad5d93f9828078befda43eb8c5fc6fb056208ed6c2e
30,30,8500,8502,3f9ec38e0e0e90d34377b6bb5759df59ea410a19bb976aa7b619ffbc856dc418,5a032d77cae72341bcbd250b43751ab6dae126361cdb9eeabd468d240d3148c1
31,31,8776,8778,13b9cdbc00906074afcdd3aad867a7f5aaafa5e59c2b6e8cfe7e7f27224d8e10,422bcaba9e2da4000829af33be0d85b22b1b3a0e0ee1cb18aea1b585c4e1bc1c
32,32,9052,9054,173ede884363df74b6360c7ba43988a5df9ec8a3738f76be686d5eb212468645,79115794c830b25141ea9b00de9db9743654e04c637b21715fcde5a8ade7f634
33,33,9328,9330,f894fe43976cb01464b5bd93dd42cf3681d19ca36288d3048c16e0f374577687,9b7c9f05dc613b895dbf8286d0450a8fad7f37c1daf946b1039b8589d216a03b
34,34,9604,9606,2b3dd21a8b912e1e9050233452aaa4c26aac4fce72e9a6a66dc7097fd5db4ba2,1d60005761379b0fbf23b76247e03756003a6d6f6491c232985325e348f3982f
35,35,9880,9882,c962a3d2b1eca521edaf1b9cf90340b9612a11dec4028ecd3284439675545fa0,1b50a3ff6ec8e1b9255ec7e1cd3f010a64f62fa8411e99f3c63e9167c4696bbd
36,36,10156,10158,ec6c4d60e468e166f48e17a1c260b0b34ffbc4e1af260b38cc2e369e8db41d62,5e694f3d11328a534bc5cb1ddb2f8843701ac070c9c1314a140683c6a0e5ae8e
37,37,10432,10434,b4565fda9572dd02421d7e1b342d36f4a8b657a3b3d666ab378be5ea5819ebaf,6ccd81388c7ad821aa99252c8df699ef71fa963a397f551737abb54eb912b030
38,38,10708,10710,c916dddc72fbcffb7e77bbbbb416d4972414a711b5f1e2dfbb25a8a79d5f6eb0,f1bc1b7b85d2ecc7762967e4730fad17fac4a0b7e1a65ba8b4625e6aaf31d21f
39,39,10984,10986,ee5556aa98830a69b0af0d39a15889e91f021811c5c6c8151daf21d9d0d49404,93823098cb2b4391bb4d983c21e2e03f9fb426a251e232f2b1e95964431bc5b6
40,40,11260,11262,540240a9018c7a434c1d80f66c41d0f9717951673475859007924bd7506f99b2,2cd17ffa2ad58fab3d0797116c2d576637598571fef8f6bb6bec6079e074b97d
41,41,11536,11538,2414570dcad40eed06aa0fbe7374354497e16b0dd5250b9cae8fd28ccfd16938,ad80c4b0651f297ab3ece4f69f4cc994a252e91ddbadc8c39a3f28ed19c82925
42,42,11812,11814,d1d6f866f353cf2375c189003c00fd20de8a1f021fd72868927508c5f7e1f0c0,f01d4d43d1782d29f70b5de79ecfd46783aefb68be94ee95c351163565d73286
43,43,12088,12090,c5a88cbe173162a86f46e0f04b906b2e74a448e254e23bda19e634614f16f16e,3b5cc2f5efc7a132637b3c3c1211b61c4c8058bd176c604cf15466e03dafbb3b
44,44,12364,12366,c35f72a7fc4515183a548b5cb46e9fe3d2e94226be8c428ff6f7082ccb14469e,21f6bb239140311e56cf7a2d2e37b1a6df9ed2866c892c91dbcd6792c6b6783a
45,45,12640,12642,16383ebc213180524bc997f271774415309cf1ff3e9729d92cb208f9e9fbf1ef,3da4442bb5e753729c73aae3b3d5bec630e73628f5dbe69bc8a26b407ed4c193
46,46,12916,12918,371a548b2846abbfe1d588d903804fa519c3efca33b75494f41619d0213239cb,f05f59f0820e8e1101ac5283b6cd5d6c08dc7abce5c41113571724e9a8627d1d
47,47,13192,13194,d3c13e7ea8813740780e302a5432b71d87cd5c71ab85133e5224391c2eba3b31,c6aa2301bcf5cf6bc3f80c1cb2898cb72d59585eebf254358c01c12e807d4373
48,48,13468,13470,536bd7f576ae0e42c91f5551da96b40c8d14035aae8425f549de2f8d0220b502,af5f987526ab5b53e2ef288866c2395fa75292a8e5067eee8a8a6660bdbf7161
49,49,13744,13746,816e1a964a2276ed33b7bd9a895d280984a94ba60ddaa984dceb8207e070a4ef,2d2d3920a8c8b43e9ef38ce70dfac74407bfb445508797c1667b278a30fa585b
50,50,14020,14022,24e265ceb59eea11bd8684d3b0e52cc3994f9e1ebdff0f0e5bfd0a72be82ac9e,3140f9c69264577074ec4fc7e225d90e91f210c3a195d3f663ded5eea848ffc3
51,51,14296,14298,7e74dbc977d95edeaa627ce80604a355a6b531947e06cd81bbc22259545ecb46,654693a1d07c065e28cc4ef56619617911e8f9c4958f5215cc14a8694997fc89
52,52,14572,14574,c6b68c51407f8e8e5632f72774f4b7a97228024b6b55f87587b1b116b1be2881,2b3de2898ffb5a9f101639d684e132bcdcacc05f942e2273bb225af682ebe30a
53,53,14848,14850,53e90c14340a46c54157a19a1f3bc49ff0027f5cb3637fc7c38748097d052302,a4e87923d3c58057946fc3ec6eb5638af0c8b2d2d84258d462bc33c1780170f2
54,54,15124,15126,a6ec8b48bdda8a66df6747d4af86080ec6a4837d187136fd6be1515237025aee,5d6546559f5999e752fb8f0f411ccbc421568a66beead8e37521d9c40a1dd2ee
55,55,15400,15402,aeb036cba023ef289716801a8d4d62f15f54c5281d5fbd7ff03a69f82e93ee77,7c043dddaafc51218e85d85ac1b0f8eeb2ec5ab6ce2fe31401188b11d6880a9e
56,56,15676,15678,d73fcc34413fafd0670964a1ea0e9abe5f147ddd318e121d5aa40bd8ea3f35ea,e395a1e8429c43c8f204f9b4ab42e8f17a58584a42fbce8fad2723beb51fb488
57,57,15952,15954,ba9b5e2e8f61654681b0e74d45dfbd35abaa466e8d28a3525fc5715f372ccca3,976a7084080d39a744fd3f6f223ffdbed5628143e32020b019d2dd5e3bd542cb
58,58,16228,16230,540afc1f64d02a51b58d896e81f77b4efb97451a61e7e35ad3bd04e2748ead3e,b6df84ccef9eeb1ac38ec69a6f304aac515c5647feb40045e7ff7f456cc91757
59,59,16504,16506,7fe2fb6e8eeddb4e51062adffca4626d2ce480935d0387192cb112244052dd66,bdb59d965e7d9d1948ad18bdc1a2360c7e1f7cc9def19e58f09446d04a46bccb
60,60,16780,16782,acca814536608728da59c33319c3341637e5614f6b4fe6fbf66afd513f1aab8c,913880e36efa22c60eb41adb2a77189b13ce57c63866fa025e83dc0ddfb43153
61,61,17056,17058,7178a2020d0bf69cf60db95cd7f1a35693b96b207dc547ed34793ea3e6155ae7,1aa3bc469f5b51b9ba2b8e7fbe8e4e970841ec8d33e595b9fc42e84bcb41ceca
62,62,17332,17334,ad2dccf0ac378d08d79d67199c1f5ffb4b76b89893139b9d533d6f5bb0b7587a,e3865e541fc528ac1126037f97bd37dbc3ef2c098bc73d2e26a6915ef0066b48
63,63,17608,17610,7212bb81157ce33665006eaf877a26708bfa20c0415709430bcf85828d3732a2,3bdb48283d12e0ae879135b7729423db7e180808235be8ef5db7500b4de01001
64,64,17884,17886,33cdc4fff8794b2e633ff0b956c309da0a626644033718fac86f374e3db99dcf,6c31d422d8242840ede1024ccc6aa3ef403bc2aec16796e522b53159943cfa51
65,65,18160,18162,08e26b4098df59a16763273762b9c0b3c8eae4d484e93d3f5141e0ecce9ef8c7,cd21dff6d14a1f443d10d29a31027969caf80dad77b193323897070fb20941ea
66,66,18436,18438,bd2d7d671cb1263c9ca222b655ce4060f65823ebf9eebfcc4e00a0370c4e1aa7,8e8072268ff998bb4fbb2bea66a830bd48c63789e69f965fc59ba14c8a8428a5
67,67,18712,18714,41fc7537a03fa7ba172d7b5a5dbaa95988abbb2e699346e391dc39003c2b3419,96a42695ed2c300e37ad828aec4ed7002a24c9df179f575b07f0a00637a7b684
68,68,18988,18990,5600f801760efc1b1592ea07e88d3d0d42a8f674a37c7bd67bab3b684b03c899,2c3593e651ee5cdffaefbf5e4325a17b310da295c62381f5a6a1af6129aaf498
69,69,19264,19266,673e97fafc996bb8b6bdc0037b7dbcf13325ea54f936551191cf0f2a77aedf93,2d7d5883c55d2f879c9830ff7e2ed7b4ac52489fa60a126207a9df892c2f88f0
70,70,19540,19542,79fd879fdf746e94253b2615c5315c5ed47696b03f2bf45fa1057a366ec05680,30bd6634fe7aadbbac805c358d08329daa13f969fd59067b8abf5c6f2e84a808
71,71,19816,19818,33cdc4fff8794b2e633ff0b956c309da0a626644033718fac86f374e3db99dcf,6c31d422d8242840ede1024ccc6aa3ef403bc2aec16796e522b53159943cfa51
72,72,20092,20094,d9f6c07e8fd7b1ddbabc75a9f4b196f5f8a2bdb7f1ab6e09d05cd7ce4c8b6c20,0d57ae4bba23d2778a0a658f3d72cc7e2b6a1620718feec6253d41ae5d3bd284
73,73,20368,20370,a2a27849ba17ac0d11bce651c38671cb8bd7c67aac97fb08e4ee1598d536611c,c7f9c6e627a1fd64aa67c71e916c856720b231fd7adef056b50212127c859133
74,74,20644,20646,5df7afd281403ee5c7781d476f87e47ffcd96d4b3b7874cf8b5f1c7092719640,0539e6b877910e1d2cbc82fa2e449a30cb745a656e3cd782c368a0b6e49e88fc
75,75,20920,20922,891620733d81190cdaf1f83f06e35ad6d95a2b0391d6cdda88bd09ca26284ebe,b3282e47a7c09728cd8acccdc5349b637323e501b6f59ec6a094260ddba7dc01
76,76,21196,21198,79162da59b9ef571cf6a96df1cc6602d30d282d322fc3c8a4ae5da68c64a6d57,52c854550cb135c0c49f90a6ba8fbe703c6160f2b68c10ef723b13db49fd260c
77,77,21472,21474,d160e23d5dbc365d3c595cbd8a4e4889cbf05a8f789b7c8132338258fad630c6,36157ca5d5e2fb2a9cdc572b6150cb217d15b9cffc8d2da00c8244b7184151fc
78,78,21748,21750,92f9e132146d4a2816cd8cc15e08c9250bf86d6a96f50001bacc7c59cf576cee,7fb0107cc7ef02bc5fbd9b4e2509866e40da5f3b67837eff6214e86ff2caa8c4
79,79,22024,22026,beb9a84d247fa849c36e61e459e79599a9a8b608caa95d1768992857ce26882b,0b37a95a5d42c106edeb4c1d6146f85860b7a9cef82d5b8a73e280aea17007f0
80,80,22300,22302,e59ae8bdff1042fe72acb82f8377f1bf1c34d495ea5c354d955466f2e83302d2,23e512c78ede4e35353f9cb4b5eb6ef5c3519ec0481cfb2f513feb59e7a2b61c
81,81,22576,22578,43f8bf10a48d32d0bcb34ba7a93560bfaa38937e4d9ba49967d2cae5d466abaa,a3cdda6625fdabb2f848235a1d88f3d8dfefaafef5f2c90cf329551d8350eb22
82,82,22852,22854,32d3d07c3d74cd6dce0acfab27143972920c881bfdbbafefc1273543c677f74e,6f80d33431242fdbd8f9a33c5eead43e509fcbfb7c3fd84e0a03650e0a498cea
83,83,23128,23130,192d56b27957c3d5568558201e779982a685a43f1e7520dbfed208ac15c1183a,6446f51b0123a0ee7aee51c5f1b3095bdddb6806080d08e136d974aa529791e5
84,84,23404,23406,33cdc4fff8794b2e633ff0b956c309da0a626644033718fac86f374e3db99dcf,6c31d422d8242840ede1024ccc6aa3ef403bc2aec16796e522b53159943cfa51
85,85,23680,23682,8d7b54d1a7868f1b82121e2629670b3853f7a2911055a48cd31c05d3b50b0845,df91abf9ab5c63f3de55410be312208245c374c7e2c85eb6ba7f4f0a398fc449
86,86,23956,23958,cda3eda2a0fe88f3f06294560456a63f500644d20272e9624c2003879dc4f5a5,7eee3119c8f744a03e369b6ab8dc16fb114d8df03cdea412c348d8e11f4f50cb
87,87,24232,24234,d7856474aa8827a5f97e6abbd6ff6cf148c1fbbcf88ce973a22244bf6830f650,6798115caa72e9e77568982aaf66cfc7c4eb831ab8b185b8f4c08300145c8f05
88,88,24508,24510,739fb5ce8357aa3b210df484c6cf02e1f5ec5874c2ef7d298a28131c9c36b662,d3aea779cef13aa63be365c6dc54a5531543ebb359a9819de756fee5ddf7c3af
89,89,24784,24786,798db6453b17673dfee5a43e385a5012cb1f60da34b69a249c21b7c18dc68d55,6c31d422d8242840ede1024ccc6aa3ef403bc2aec16796e522b53159943cfa51
90,90,25060,25062,192d4ceb119d39b9fcdeea857c3b12c4a8e72cfc3474d98e37453b28e0ff01e7,6c31d422d8242840ede1024ccc6aa3ef403bc2aec16796e522b53159943cfa51
91,91,25336,25338,bfd93ea4c0e84b62059ad6a8bedb8bebd85878cbe6e40b364c946553af06c0a1,0c2be15d3e8e8068a3004ba1a0ce3ac9e93b86a2e6e9634582b60d398ad3efd8
92,92,25612,25614,218e776a129f4a9519516df7a5ae8984eff8626db21621afeb4c84302f70a2be,cffe3f6a7853333b670dafc90117eddde746c8673e248e2d5e68f1501b8ba108
93,93,25888,25890,0f44938009c24bd990eb7e50bf6a4cd1d0ffaa216680666bf03967f0aa8ef889,fd1c3bf3e9f0b7dab6a9e2c238ef5a8b521151d77a760433dad99dd40b4f3da4
94,94,26164,26166,55a75091ee713d6a601155b8f52db250755735a4316e7df1d1099b36071a8a33,e45a30d8b6e35de99418a5fe339f20c8e16889d9678d1d2187f31b6e469cc452
95,95,26440,26442,dd064249c0473471475f82013f8c6deb6cca5242d11134d78758fb702115948e,31fe37d908aef126481033541e3b7f1eb712ec10f01c97c41a41e5cd4e2e1a1f
96,96,26716,26718,4d07acbbfa5d17a8c252c6debc20cc1b22c1d4b4caeb907eb2540c6f3c76183d,4fe00d440b198030ad02f5ed8668d3c4b732ba0972f77006a5711ffc8a323aad
97,97,26992,26994,e3f1ada5e5247ba979d5f431d0071847385bca6800f406f1626cadbd9552b9d0,cd0cd7811dccdb2ec05171a0b4b62a88ef6f165438c896e34b8a47e3785528d2
98,98,27268,27270,739fb5ce8357aa3b210df484c6cf02e1f5ec5874c2ef7d298a28131c9c36b662,425c2cc53ee069e0a42292b4d52660d80d8bbb096200db2a29cc4df4404ac922
99,99,27544,27546,33cdc4fff8794b2e633ff0b956c309da0a626644033718fac86f374e3db99dcf,6c31d422d8242840ede1024ccc6aa3ef403bc2aec16796e522b53159943cfa51
100,100,27820,27822,b8bab7fdbac3b957d177797b66beab27c35ca828b9a30f12c055c2e2c8b10961,385f7389895429b588ad2e430ded82e1d482c51b6178ff0d253d573769516caf
101,101,28096,28098,07624fe994de52e2ca05fe241f85d9eb1fd851b5524af7c5ab5c3edce71e49db,6f2efa4fb6c7a7955da3f4c482e0b65062fb42f3d5949dbd67001b88f34a3e32
102,102,28372,28374,61bdecf4c0a1b96503e248a1bdeb6f54a7ed435dd4fe2d800727a1e631c887d1,a2abd29849fab9303d90da3b0f31fe0a61a502b2e7fdfca76a3b390ad4643606
103,103,28648,28650,fd9188f6fa70c3f148c6feecdfa1597e867c3e8d79079f53d3b60652d23b68b0,c1610889e5ff90ace406f433ebaafb272d3ea12fd3b06d2f3abc6711b81c0cf4
104,104,28924,28926,49d78eefe923feaae3a97cb3f07e45870a7f189084a62957a7b0636296b22a9c,7a36409b562049d1afa873e1dba0c0301a678a95e284c0d38fd69d6b9c74dad4
105,105,29200,29202,3a0ed511dc121b903fe50f4cae0237b4c2a6e6e7965e9560cba36a88079f3bc1,a6330b56add53dcf31c0a39e3a87859ca79aeccda4c6928e0446436537f104d9
106,106,29476,29478,a1c550189103be93c96de4ffc605266c41c831f47f62e0db917f820185b29f98,83b59a7e164c7271aa17bb6cae11aadfe3bbc4dd87ad227181bc36e9a3e97951
107,107,29752,29754,84868e2cce974e598e625a2d5ab76004b676be5c5b275a7e2ff2e644b13456b7,ee4d4ba2cb0d9417f5295a21ae41eb1572f0b189761263aff8c9adcc23a4349c
108,108,30028,30030,b74109a5b61f766c321989cab6be2897b4dcaa9ed036a33f325114b6cba08fea,da795d0f225e06ce719735885aa7c4cb54bd918b5a577a7e4c9832065f5a588f
109,109,30304,30306,c03a66f64c221425bfcac4a0ed992ac94a9a4d14b97c4423806e83ddfd11b40a,0f4957514ea65614c0f11dccec8aa8e40f3f11ae3a47ba697f832cbffbc730b7
110,110,30580,30582,b16fcfcee8d45962000e2d86c8db93a834b72efe029f5c2ca40507441b253810,c0a153dea6a99339efbda9572ec0700768cda8eff120fcd5183d19f16b51991a
111,111,30856,30858,6c91e0b7f09ef5309e299e64572b8940d600299877709b0873d851d74e6dde77,5e2fc711b63a59d68123260294dd9143db553dac5f0d464d37f8284c088b8036
112,112,31132,31134,f25552fde0c0d771b6f7d0d75e5f2e29ce9981d41c0d0b8ac9c24aa49998aeb0,8f603911ed413da6265b0bfef3351c573e8229ab142c1abe2dff9c73d404a71c
113,113,31408,31410,33cdc4fff8794b2e633ff0b956c309da0a626644033718fac86f374e3db99dcf,6c31d422d8242840ede1024ccc6aa3ef403bc2aec16796e522b53159943cfa51
114,114,31684,31686,6931da347af330fb4c19ae17bfe3cb546e1cb05e41fd2ec6ea726a6d305c276e,786d735cf74efcb5009bb464b3146a4cbffc03e4dfbbc6922bdbb0548763cb1f
115,115,31960,31962,09bce070093eff3c8ce145086ba18a5a855894c977210cc6556ad8dc31bb2b21,a7806ffdfb8129cac7ab6cb08951b16f653ad7cdbc9733cefb9d91956ef660e1
117,117,32512,32514,fc27c157add13869c347cdc3bcd5a6b8210ea4174aab28b686b6013eefbdd59a,7f954fd85d539aeccb667ba91141bd07c3e23b5e0c6ffb81efe5092b5bc16e51
118,118,32788,32790,9e9b3094308e4aa8fb609fdcc8879caf1f571c1cd40a11835899676220f901e5,1c7b4014ff9ab17ddd17422661cffc70fbf70dd8d65b2c82c9a0a8160487e3fe
119,119,33064,33066,c3d0ddaf22a7c3f53c3a6e1959445d649254f5a45865b7cb993c8d8129b0f56d,882f12518a39866f84297685c36aa1d1ce4e2803b1735eb9e79ea1f8b12b286f
120,120,33340,33342,bfc51925da6e2d096b7f6366731dd667709e68ebc5e2660d380510998ed4766a,dae7bd59cf63b8d534128d0d053c6719b10d27b9b0de21ed4c250c541f6530a5
121,121,33616,33618,4d9404ced0adc663eb4fca73523082d137d0f5a356ede1cd329fd7882a12ba07,bc1aa4dfba2147d5cd56987a4c48a11acbd88e1e13a0cc27973fa5721eb6ca39
122,122,33892,33894,03b52f1107ef828e71d7e3744df633a8f3871e367df3212a05e4d4ad9c76b799,4e04f41b34dbd2b9ef90b36da91e837869e3d20174b407159622e01fee15ae00
123,123,34168,34170,26ef95abceea813a7d86f0ad840265c7f318ee471969fefa900e6cfb5821a039,587703da51a4936b7400f2a07d0c8cc087421cb067173a36348891bfa84d811b
124,124,34444,34446,c3bcdd7ee170f233910d9ace4a1d3aebd99ecb9cf97f17c78680531786891d5d,74542ab12d61096dfe13fa874dd0b50d6c9242a1de4c007a6301071fa61044ef
125,125,34720,34722,76714da44f34a31fd5ecefab2f50d4d9fc09090446e53012058dbe32183e482a,cac03d089f05d6013b4da7c0ea97a1fbb12a891727a646f954c9351fb6e44d1c
126,126,34996,34998,1f8445c1c1d1c41aaf7ca68b6c898b716eca90388b5e097b5f11601096697213,204de488c9deaa1b850335579822266e28e358fc08231cb3c9045889268c24ca
127,127,35272,35274,94655a413deb587f6a2a9dcdc4462a7aeeda2e37e4296f3088f1ccdf50e1f56a,35a6d7a1f111d4fece9827f332c4c9c2609db7e52352f71a7be0e0568eb03e18
128,128,35548,35550,9ce8a15bb8a4ca7c47eda8fb17ed6007e5d44a667ec537d8874f0d4d7ef6678b,a05cdb06770c25560fc1176dbf83b6a5e6b36bd1fbe9b6140a7ffbd7ae8852fa
129,129,35824,35826,4b2e2e7e39039e9a19f78f131caad58ee1147319057280687c34f4bf319d2221,efa9f8d05ef6417b1436f17ef947830a5a4fd9351d477b76eef883af018b927e
130,130,36100,36102,8af88fcabb80b527ab5070077225a015bef74fe94d5dbc8e1d83d9c52bb220d7,418e0086b7dde7384901d362c8527d559d01d18db11e502016b9c7511351c01f
131,131,36376,36378,056382cb2ad515de640c201dab3e7dc2d84218281485ccdfb9d9c2071bb7f1f6,6c31d422d8242840ede1024ccc6aa3ef403bc2aec16796e522b53159943cfa51
132,132,36652,36654,b30b3811eaac7f130cfa8d4086193a1b6b2c0b266c5fe406c0367977f106881a,a5ecc1810036004e1c80e5b5bcd6fea03b309eb41c09042c629921f7e2736cc6
133,133,36928,36930,8b25858c06d7b42fcce3c4531d839296ab0d4abd99d795167b820461aaf79cd9,389cccea510d45b8792ba73b8755b49112ccc39a7b6da73945be7a72a1b8bb22
134,134,37204,37206,312e59d2faca899e7f9d7c54506ba6dd616d9ab83e8a08005b75c8f4f94a7a0d,1e7ae83a0e4c4193fe9d55f1cc2ed2bc77f25aad579c9ac38e5497682ebfd101
135,135,37480,37482,31436abfe124a1e347b7360be9667d9bed7e3f7c27acb833914c127f1a45165c,33653c20faad21d0e0dddd3f32fe81ab9a55d239a03e0303ae9d9c53528b7639
136,136,37756,37758,433abfd8389ea98f2223b299762a5cc6059eb3aa78a5fe0b482a25a47959736c,387c68f4ebe10ef34f3145bd3237970702fd8becd3837b0433b3c12ad15e585f
137,137,38032,38034,b3857c2d99c1e279e94b15917d8c977637ee3f7c8b045e8e731e683ad4d39534,a24c7546dc751533f73493f5cbc970d49db93b42cf310aff49fb2117a392a9e4
138,138,38308,38310,d81ccf21a949dd604f036ed1cb91aec322f16a5e64cfd62e1342c818275d3892,123901c840a377fc76dc4f13ad3fb7f204b705ff60e7777c47cd4f994ba8b296
139,139,38584,38586,e2c849a1fa0e4d82a6854b491903ab5ed44f3aafb265fd0c734af0cba3f794fb,4221b8ae04e2fa367bdb11b8750c64f0ee4cc61b90ff02e25fcdea70c622fe4a
140,140,38860,38862,a3c913a710643ee4f333bbd51925f371fcbe07619f391b40230e031a761f1b57,4c39d81b6562d04e5ba9b448d2791053b20548d7eb474faa7e38bc4bc5868e77
142,142,39412,39414,e82bcbbcc6ca1ccc5708be2aa6d1f61c93a40d931590acee2d8bdb6212493858,a0030520ada048111c6bd47bbbe34a860c7995dcb046aee58078977f0ebfefed
143,143,39688,39690,8242159e50e8a66973215907b79827e0cc2e9848c28ae1b230c8079f4fd70747,97387b4b96129852f1cdf1b0162830e1e6e24c1b4ce718dc4f57cb27caaa4c2c
144,144,39964,39966,33cdc4fff8794b2e633ff0b956c309da0a626644033718fac86f374e3db99dcf,6c31d422d8242840ede1024ccc6aa3ef403bc2aec16796e522b53159943cfa51
145,145,40240,40242,bd087abc8e9192b08f28aa8b86f831aa5d1dc56508136a62a1200345a982df03,147e61d37f2884e84aba93d3d8c2d44d92988d5f36ad23cd5ce907371fd42274
146,146,40516,40518,50acb9c09e46c07e80d2207e4fbb461e7f6071fda2598f457018c1ab10c84eb9,d343e7fe01a6fa9d1b3844cb7d29b10f88eda9c3b59d209227fdaac084b1cf17
147,147,40792,40794,813e25f224d97f0c555fe95ed977b33082909c7fb2cb64b21501691165c4811a,6b074d9173bdc70fc3ea50d9cecb479c39eba450cb1e5386a7ad36f7525c184b
148,148,41068,41070,5c99870a60fc71218fa19621b9d8e0cc3580329fc9caf865993ee8d58fa309b0,b2d2e0acb5f06524c280a92a6be50cf0af02f5afd07eeb27e0236f6336ced6df
149,149,41344,41346,daadba5c73107fc66a74475068d317cd6aca0a7f3a288bab727ec77ae60f21a1,64d6fb995d0f88b04246186bf5ae9e858d25d1949280f0e638260c743635802b
151,151,41896,41898,c1c94404a5194d5186eed186301676e5d33cb8f868028a186e4383ef8175bb7d,88b74ba282dee7d84ec85176929aad7e499e9133e69eb267bd5004aaee6aaf45
152,152,42172,42174,dba38b024c4be9de0cd6357785fef4e9a14340ff0e7b6bbff47e5e5c03dd97a1,de0e88c9ac8983cf1a6f1b363ba74bdae0ebdef043dd88048e802ce9c631dfd9
153,153,42448,42450,82a57afd81c70273776e523f1c26a9d169db6614005f282c14b0495314064707,44eafb9ce3d528b1c01e15b89ce565907a7a30f56441b5037ceae81672a6d133
154,154,42724,42726,83f1fe1739a982a7fee490b22a2cdb7d22004d5c346903c2c82dcabe8fd932b3,13b4c96504248a918cd27fee7e62df68b0a7dd97b7096e7601a2e7637df8be6d
155,155,43000,43002,a9d4a95ca522915b714553f6854f6dcb7019aa05f34910fdf96634f6a1c5cde9,6c31d422d8242840ede1024ccc6aa3ef403bc2aec16796e522b53159943cfa51
156,156,43276,43278,4cbe477ce58fbd196c2602832ab573c430edfd1dc878330a18cb98505a2c5da5,23785f216175512d99872d55e253b0b8ae5efcd82717d05d1ea623af40997f20
157,157,43552,43554,88bd83d2ff6b909b63a060d278c778150ac95f62fd940c07fce6f80edf8c226a,d1499ce41bc888fc1c21846fd64eb43b43ac1a5c94b49506263ab8c3ffb7c7d9
158,158,43828,43830,ab96c18b5c34b2f70693ae3fc876b7543dd1f10dec91383588f2cd9cbbf00620,1076fdd474ffe35638203bb0fa702112d4212878bfd14e5d024b08ffd4a784b4
159,159,44104,44106,a4d1c7c4a6c9f6e1044b96fe81494cc1d5e5d7f26a0fe5b241ca903cbb7af13d,e9dfb3ea4ffb109a9ed58cf91db0dd5b38d0f0ec9d6eaa1b9576afbb6775d70f
160,160,44380,44382,757b103275d98cab765f7f8a8fa2d90b91805b7ed8912995019667b5d46ed7d7,4de1034b007f63586118d65468ea4dfe436b554fab9fdf95c0dc1fdc7414ae63
161,161,44656,44658,80b0897c2f01e256c56efee3267e01807496676721a17f82fa29e9d22d250a56,bc764353c033f6f7d99123d98359035a4ec65000c3c5cad4bc215d22771e21b1
162,162,44932,44934,33cdc4fff8794b2e633ff0b956c309da0a626644033718fac86f374e3db99dcf,239079185175b75a1e64f697c06de81dea1e38fd93687aaf4a6d1aebd57e662d
163,163,45208,45210,644f71299197cf7b2b4f0c7b9f10ced27d5774bc9b54f40475e76d5518243d9d,f2f315fd4bac4ae08e4e5310cef6af797e616030a0f97378851b64c72059c81b
164,164,45484,45486,44c9a1d93bdac3170cc1862ce68c8024457006d25648efb0aa819b1bdfd30270,1716ec77b2aee7ed72e3ba28d530baeec85571fda6c29d91760922a0b6256f4a
165,165,45760,45762,e4164205ef96a49375a54e5c65dee87276ffbc926b2f604b7e1abb7021a4a7ea,d315a9146a2a6388fc20e6ae7a8fb38d78fe11c0ad3fe3f95f8eb91441c33531
166,166,46036,46038,130270431483f5aa43403a6e3cc8bdf1dc3a0de7ad59b46155a6e577c0202f0b,819abf65c356dd2f3d21e1e6f155dbc1414ccf84b15005377b0e2b7ef61eb771
168,168,46588,46590,50dbc297a64749cf04883614d30a5acadafabe1cd864515a88bab4e1609ba725,2dea19c1a848d792ee9eabeaa1bab17322bf521b60a1b6d8cdbe8193da325177
169,169,46864,46866,6b50a7cab8a4580b1f1bf8716a75205a549d440d24ceeceea60b8c667ae8057b,a6a61b62d00703e1a35b1404b6f88336e901f03f99a859ca00613d09ba00a030
170,170,47140,47142,eecd639ab400f880ad6d0bbd95e5ea7c0b0ceea14a0ba873cfe6046ff7802653,f1ad81ebcfc6ab5b91d17e8196d2a568edfa12f10615b921be52e2fa66f4fc04
171,171,47416,47418,3d63c1c918a1e50e5e66ea6e48ef058e8f362ace02b213a3185366620a30f9e2,0dc99e0121a23dc4793ea9b0c0f81bea61e5335aa2edea545240fb9d2462526b
172,172,47692,47694,51b418b889da6c563bb6a1fc32976004c5db84e9a641cf46730c3b208ced0037,70d31f5afbe0f6c165a442f93bb0374f07e31cb4080c2f1faf1e475f56b267f2
173,173,47968,47970,2a68202a6362d6a8bc677667b2e1c5f0d59da13f8cb02e06b8f03dc012145752,af5c03306ac5639ee38cafb353a044b40f8e0acaab36b8ff5c977371ee8053f8
174,174,48244,48246,fa015342cf268cd1fff0db46e7f87d5ea48357108b107dc135f36aba9b3dd77e,45b296d040e137cd73db48bb8f3d1155eff649eb30a16e029c909405fb9a28c5
175,175,48520,48522,219601d73ad221e133a735c82eca5130b1b4f1e78343b9a27805b2db8c1ff735,45b3a00e499f842c76a2e637c835b553234e007da829fd2a51960dd479d1ed5f
176,176,48796,48798,88d799f02c1ddad6ae58bc256061af763b95d39dd53647601512729330e5d206,ca191e3dbba59bfb4f2d1ad009ba7f52d70e4d08150bfa4d6b15a9e2e572a26b
177,177,49072,49074,f886b1e1fe6a41667e70a3d457c1f23b26c131b0d8cd7044d1ec678380ef67c1,c63ff5291fe5c598cb20ef387ab9552bf8dd3db4875b0a5eafc1422b0d629574
178,178,49348,49350,d23daefb9515536514853e04ed61b4639bd2d3f856e89f74111513fa711bcf5f,1fab99ba235f39d6fc0d89e1d8f52f56feb14d361c383331e811625eb51599e0
179,179,49624,49626,67cb9b473aa20b614567f7ecfe35e6e5f2f5337cb597dc1e958d07f2b58ef135,196dcc3d634969c7eac9fe11a2afe7a320ed8d643db085b5e1f786afd26e52eb
180,180,49900,49902,e0b13661e42aacafc385eb4b81bf1ab384bd432d4dd020542e66a002ca38a956,2a8676350ac1880d2bb8007272b25d960069dd5a2de4072f2c90d8974581d0b5
181,181,50176,50178,a4c435dca3424ce1a7b83273d442ae09c8adbff1318add64a40dc93ea617be53,2a483d7cb165481f923135c371e1d505359f03a7da4ba02b0a2a2f8ecef9ecf8
182,182,50452,50454,1eacc77478d98a2f7251231e0029c113a389839aaa67815160785e9ee2d5d36c,9204e57381f4f6c30c639fc04d9f81387ccf60803759340a9625d466764e4e94
183,183,50728,50730,33cdc4fff8794b2e633ff0b956c309da0a626644033718fac86f374e3db99dcf,c7e1811f20148f98392bdcfadc9539f94c9308cd1ad4603c845acd07fe8f1ead
184,184,51004,51006,98c11d3fc69101280457f2360b04b10b17604e0ec21d3cdc6823306305bf37ae,5dda425fc0132e55a8c1f40bcf4ed1b33070053bebae392ada953ecc18e81185
185,185,51280,51282,9f14bffb1b0d0888f70741dde6ab4894cb565be5ce17dea13ea6af36f22c08f0,e2c3b720b6f664ebde7d3dc02f8a5226aea0f28887b4dc178d20cc874c22b4c4
186,186,51556,51558,8c6703f890fc83e5823cc65bd11b8bbc1fd15f1b3a37f7611091d52df07a266e,c08651e6871ac6c66b24e15b6988977baa40a258cd4c9aef4a170e7b57308e79
187,187,51832,51834,186f6843ff984ba7d269780bafe0dcc25202c23c66d530ead16457af1381ed8d,2720c0ec68aec6e38bb8e3baff1f9a57b48f92a8abadbb0f6340445be29ab376
188,188,52108,52110,33cdc4fff8794b2e633ff0b956c309da0a626644033718fac86f374e3db99dcf,6c31d422d8242840ede1024ccc6aa3ef403bc2aec16796e522b53159943cfa51
189,189,52384,52386,7a1050ac825432520753ecc9b7213db63dc51de0b48bea642808a8fcc17bb1bf,5c56a64610fe95fdf75f8878f49d6c66768b14fc047ac1491388cacf6ad27e90
190,190,52660,52662,ce32cf7897942533c49092e8117c4bd1d2bc971299c0f3cdb9f94b088ca0226c,276626fc7cf10842ad1660efdd3fe299ef9f247389ff56a51b1e84b2c86064bb
191,191,52936,52938,38bf7c8b9bbb6da1966da4da912f39e26634ce19a81df88f2ffce8dde8fa7cdf,85473438a3f9fcaeb2f05d5d290cab69d405095138b9dcae310cea959a4d5dae
192,192,53212,53214,142dd97e0d5572f5ae3d5ab66a81c28aa67a1d03f3e2bf541760c95d57ef6d84,2aaeec712f7c00a7f164f687ebb1c4d9b4c541a4d230c0cbac24d52c1b7ba29d
193,193,53488,53490,b7597538fe008ff375c26239966c1d2d138620bbd76d4eb2d096ce20ebca04eb,e1c19f7a278c4de5b1487b888b3352f09819ca546dd8d9c8a984e985d752a9e6
194,194,53764,53766,cc63761451ac0ef439baa34dfcc75ef1872f8b6b3c0e1094d328945622a90b25,a491a2c988ca6e9fdd76185ab9e27bcb32b3b81a9a40f480b1fc71b102da6d7c
195,195,54040,54042,9d13e34a7c3d033ce08d5b897616d5130d72d630f3e92ecca05234ad5b4d913a,61509324112dae165d00972015734c66085a3415dd7026929e63adff025b907e
196,196,54316,54318,e82bcbbcc6ca1ccc5708be2aa6d1f61c93a40d931590acee2d8bdb6212493858,a0030520ada048111c6bd47bbbe34a860c7995dcb046aee58078977f0ebfefed
197,197,54592,54594,33cdc4fff8794b2e633ff0b956c309da0a626644033718fac86f374e3db99dcf,6c31d422d8242840ede1024ccc6aa3ef403bc2aec16796e522b53159943cfa51
198,198,54868,54870,ec33d262e7fa8f16ca2a77ad2b35a9916c1b8ef29ce7ff3704d8061330083348,30f048c1ab839a293703a785b1b19e79c2aaacd309914a330ce2e66d538bfece
199,199,55144,55146,740451a539664aac31d7a0fd4ec4c82bab032574c9646039e936e7c0426e0b20,a3602095cb69eda21bc85c1e1515f69bcc36c410a0145711a021c2f2ea2d9942
200,200,55420,55422,bcb4ccc8d97c3dfb1f1e20cf196ac3456ca60181451012b160bb1d9a82b02df0,947a3c177b31e0d0c228b01626697f45b9a6fb1555e20f763360a816eef55cc0
201,201,55696,55698,a3dbf351bc4d47189d62ba93182158d40e74f35e38f2dd2a3556c49388130c94,52d06a8cbebfbffa91baaca97d909ec1f34123a5ad5beefd0d417a2dd5bc3b54
202,202,55972,55974,e04270ec63632e2e85796cd5b8972077a32574a3d0b2945756603cfc2f978b53,7dfa6588f9ac394ee09b8e8c71ff3b1b82c8e83889fdafdc837251a976758d46
203,203,56248,56250,6abff858230a36d833d9c7cc98267464af559d6251051dc6365991b5fb22f178,094d70cda0e59d8f6bbf7ab95e1392fb60846eedf94f8a8b7fc9bf34573a0ce1
204,204,56524,56526,1d7c9d1a2d377157812ebba362854dc04bf81fd5a2f12dd646f4db35ba6d81e3,5a686c06cb9788639de00f23a4c7adb89d8f6c07225f05d4a3da4286dd668fa6
205,205,56800,56802,a0ec103c6c906630e7b1cfe3b8e62a10d96bfb664e53d72fa37dd437ab1afdb7,669ce8286f2c5339217d530d4c3c3905fd527eb71eb3d5d0949d548402cdacaf
206,206,57076,57078,46a9598661dc3e1dee8d226b2bc7732937ec187e366293b225b8f73c0b30e47e,6c31d422d8242840ede1024ccc6aa3ef403bc2aec16796e522b53159943cfa51
207,207,57352,57354,5e200836b6becde78852acfa3a0928806b1dd74b4e6459629b103c5bf1827b8b,4ed849bd601295709e4166e3af90a597fcd6b8344109068ac486f7dfc3ef8b7f
208,208,57628,57630,307f9a6dae46ce3de2430a712e7f477cce6f18529a0c145d7f6064d236975019,0d8f930e7f21a0401b9daf223bf99a41b080c59f71f3ca7a8e7189e26e1603a6
209,209,57904,57906,91234872003ea02b1185627fb3ddcd3c4c7b6e40c0f736b66935df199d965c9f,19c6973bb90c85f0afdc9e731e2995fc72ca1b387bfe74c57070d03c785bf784
210,210,58180,58182,a572fb1ee44b7f02ac2e8e2531d5ea8c0cbbb7919453ef77d97847e891780708,d30b0c001cef97660653c2a2f0d1fcbc2ca008e49f957f83ed22e42a32cb3c5f
211,211,58456,58458,9625ec36728d890ad2b0934cd7648c985ab98c27bafbdc60f78d8bd0f1446c71,516ab235acd32ba764590d9a46f998bae2a8b0117a6d22b511e8165903d9cdb7
212,212,58732,58734,4dc9fdd2a85e20ab207068fc16c96cc41f01d3d7990c57045f49309c9581cb9c,d5b4455bd62b4dd4f94666427dc4db04ff5dbd210cd520426c7aba849778b088
213,213,59008,59010,2ceebd2ab4558cfcb2b60c6c1be21353ddb3195633fcac3a438c4812cb523761,a483b2e42505eec6cf0f63c50ff2f3553873bb6055ea922cb86c7ac3301dc60a
214,214,59284,59286,105ba030b7a5b1cb3ae3c0a62222f07acea38faa7372a581a4cc9d74872e9fed,cb2f5a9677e76bdf69860ff342bf7f8d6e9b282632f70ec1faa7d868d5056edd
215,215,59560,59562,06026a72a31f5a04c5fe558c442c807d4a415b27a4a1b75b8683466f0ef74770,0aec33e09e18836e05a9183f0340b035b588984f31efff4e3149471be806404a
216,216,59836,59838,739b5215ad9c2b12e2b1cbfc01dddfc514bd9622037c813878f9715adb715051,243b5e5ba2c02acb5b0c12e338fc4801d42d0cf30f21e792d0a596d87e3392fc
217,217,60112,60114,d95c9437102ca1da4e4ae59afc3b31b506cf9af6fb5263be484ad5ca58ae232d,dd072ae4eb0f21b6e58d434226a56a1ab7c2eac15409cd2213ba5a194542a405
218,218,60388,60390,4a34cb01bbe6afe6629ebdb38cd6d763d7d18736bf2a49823d0c32ac78dadc48,a27131d89034bf71b29fe0fcade8c7743ac4324449d394c4fdb9644bd9c78c07
219,219,60664,60666,9e3cd952541ab49824b6457dc2be000c785ee84099aa43349d0c594cfda9c1b6,ce56b352b424b3f23bdc34159e67a1fd173214874251d4d401b29dada7cfd797
220,220,60940,60942,2e3c90e59878b17575d5b17ec093c1f9f4ae4e4e866931afeb4a3019dd5afc21,592687c49b038b8cee51160c6fdf6f18a55e070ca0d86f2decb3085161aad405
221,221,61216,61218,113e253c146b2655ab415568dd078d87da5f0607fb018619d405161ddc48547a,86aaecdaf86afd95871bae732305cfea3f50ea1fe896cc4e639bf986003eda87
222,222,61492,61494,f8d7f234ff640cf688bbbb9e801051fd34c08efd2a3c13b0d3fa0c3f6a18419c,5b53f16402d792b55b0ca653a05110d92c33f839dded58704dc50c411b9ad187
223,223,61768,61770,3c2d1dc71730bb7fd6714b479396db786927477f6eee00ebad4298acadce6566,b382e54a0e182036b503cb5b67095f3b4d71dff4e3719415b816c6e52b82ec37
224,224,62044,62046,424af63d0936a1803adef5bd7ab0fef1ad6b313357d387a257c99085454f573c,6bcaba2a2890327dc00a8631696f42a322ca6077802e1bd2f844c8e9ddd5aafc
225,225,62320,62322,33cdc4fff8794b2e633ff0b956c309da0a626644033718fac86f374e3db99dcf,24d29af187bd778e335477c5299c2d29bd3a78c66905b6bd3dd46f9f02727c8f
226,226,62596,62598,d9ceda8533c5ac458f995da88913fcc0fc1d40d16ac9e55d27d27e988fe65f1b,b57deffd0f7237dbc9de8764342176e74bbb05bbbc46d63e90aa217fda7b6664
227,227,62872,62874,34bfccba58a2384cbe24ec1ad5b043123628b41dde60d76838079a3cecd1585a,732cb6de88de2f177e43a4d175596657c7e51c2bf2de079dd3d1a02a48be015d
228,228,63148,63150,da2497c7eb0bca982a1eddf9432930d24cc45bf8437e4f23ce781a60f99c8a3d,ca7f25ecc1fc766b240b8387804c91c83a59dd38b438a741b97b9af730964b71
229,229,63424,63426,bd5cf8dc6b85be7b613df49e0ac035b29f3dce7f814d132d4e3894d8251a95f4,b67bc5cb0616311d21a78685af3167f0bc5fd129a078ed7bb83349f85d972948
230,230,63700,63702,5323ef200f1435efe0bedc9fa82eabc7bff61cb67fc89a492a87753bd767ed86,6264cf69d116acc44eeddaa69c95a07b6faee2bb07002dfd8dc23f0995f813c8
231,231,63976,63978,ebe25ee501275116b8ef4d5ff30e6712ab47aec77bb68334e28709fb23f4720e,6b3a32a66c438745ec0acc60efd50ad0e28216803deeaee8d06bd95b6adffcce
232,232,64252,64254,2ee4466164ba1f055b45f7beb66b064e21c8ad036efb0445d0be19ba9a32cfc7,047886fd3b4012dd0ade57794f0a55a6013961ce6051f54381289d1e6fec1bd4
233,233,64528,64530,354ee9da6aa71868f4e353e890147f7108b9cd3c1238265fb3367c1aa6cae9c4,dd65e1a4bdcf733f6459e9b72e528ee1eaaf14d7a7259405190c052298bcf920
234,234,64804,64806,d37af0a4742f3c8e2af5fe9dee2776c1833089bc325112bd06d9df93d49e98f1,c4ece0a244829c91c86a87395299c2b2c30f867ca4f8df696ac62eec509f40ac
235,235,65080,65082,87035a8cdddc08643884e3314c9c19a42e7170df063d0e5bfff60679a5b3c0d6,71c8f45fc9ef1bb1c2f492127393fc5721e9281120b65805b553a31a5d5729be
236,236,65356,65358,b384dd23d9f9397d043eb10d2abbbe851de4f3f460654cde8fc4d716f5e6cfd1,3d6db74468e247770f09ac2df3d2ba6503839c779cea897a7dbcc805eb025121
237,237,65632,65634,739fb5ce8357aa3b210df484c6cf02e1f5ec5874c2ef7d298a28131c9c36b662,138689c27285a920db34bc5c0b0309edebe8d3ba0490fd628be6ec08f2fd42bb
238,238,65908,65910,94ecc11aa6682bd6cb308dd885ec023b3254d27d082cd15a2eb03f757c892bdf,7951c166b5da39c44221bb4df78db9010d9300f415292d93029cd71ef3878465
239,239,66184,66186,f4b816ce3d45b58a046ac160a15da78d0930df961c5a87850be92f457b661756,ea1b667ee71f34ceb3134574cd3ade93996edc4b9c1d4db306748f5ed0d8cef3
240,240,66460,66462,c5660a41f8f4a39597ba2ccc1bdd2b56f9cf3b00f311f2ad5470f0948ed82279,8b8dc5e393b2fcb61b63d6c9696c82034098220dea37d6b2ff5913090683cbde
241,241,66736,66738,aa6d660361485883d1128b5891986a5ae0d4580f372f591cd3f12b00522657de,cfa2a838c78dc815ec0edf9d1cae5fdbc35fc9a451a20f5c5a5a3d5281e0bfd6
242,242,67012,67014,1c06372f94ea3d953d73c38b13884eb5ef90b105651821fa2055da162a91498a,eec778e699811a5f19d66d6abb86252f3e4dbc301a0cf689f2d7353e540516e7
243,243,67288,67290,33cdc4fff8794b2e633ff0b956c309da0a626644033718fac86f374e3db99dcf,0d529eb9ce2137b9d864caeeb2b594504da50f14d98f199c55607fad46078354
244,244,67564,67566,ad81fb24a403961b3f4bc95342331109177cbd99e02e62bf0d50ba798088eb58,18493d7beacd43a636b1120b92440c51d77921abbed5856cff11e2f0a032840d
245,245,67840,67842,d46f77138d1ad2467885975f08665e8b73e7c0077efaecc107ff4130cbc099fb,82cfca18da422d945b88e2b1262359065906cf8128e793416d57db2e4408f87f
246,246,68116,68118,40827f549bfce1eaefb46ef2a7fe584aa8c48b0933f7ab8700b3421efeb670eb,425c2cc53ee069e0a42292b4d52660d80d8bbb096200db2a29cc4df4404ac922
247,247,68392,68394,f1584d4223720fa4520be5f70d54e16a100ee8623458444403d56170d9a721ec,702e131eb82d51228ba025b1f66b1b925f16bf52eeb0d9fec98ac309610f8ed6
248,248,68668,68670,8940ce085a8c4607f2b7967bc840941a85ddf4cb897776341c07e5cd5f411796,912c7f46c4e897c7f6cef484cef20d8ecd9eb3a539d716b2f366eeb102f67603
249,249,68944,68946,c9e487fa2ff05fea9e31ec27316b21c2270b61c59a4d237f132ddc3606d1e576,ff38e32e2245b892c0028c017f12e2a99d5cd8a69d7e007fcc50e77c1396129e
250,250,69220,69222,f8655b10c9d14e4610eee2845ef5056fdd18068ae4651c13bfe648866f07e8fd,6c31d422d8242840ede1024ccc6aa3ef403bc2aec16796e522b53159943cfa51
251,251,69496,69498,f759cb6472602acbe9d918ef1515c8d73df07b7da873fbb35d145f437ab30a8d,beb7063bd3c69ad8150d4ccb6cca8cd40024db26aedb0f11e2ff7eb95ebeb89e
252,252,69772,69774,934d46aba5d25e2c8dffc0815cf255deac45fe6292327cc192db38a9c9d9f52c,aaab852cbde883e899223baa5dcc21a8c3b0e92e1a2f687646840590ae411b51
253,253,70048,70050,89400456c923e135dd5ed4c1c5324f556158c74bf8e3058e215b52451b72943f,e0c02f0221d2b52fc31c22933d233ef1045d24e0e3db9496d9fbfb1d34bca0cd
254,254,70324,70326,bd958986a1f7a5326344b49644ada5d31d8ee82b68071f2dbf1703a62c7a3e68,75bbba91d0d57fb6457af24a9c4193db3a0be09d12cd2fe4540628d73ac68224
255,255,70600,70602,a05e4c25774a0c60d0ae3dc907182f36380ef36b5a3b927097dc85e0cb1e0576,fadbad45d0d8c6e7747919bc5bbcc1e24e6c1c9b23eed37cd2cdc36ba2ab0be5
256,256,70876,70878,cf7149a1af71fcc823e8d271d54ea1383088d662f61eba05dcd415a4b91f4601,8e0285c30e772f514e9087699e2e30d1b9627cea4399460ddeb103c49663eb5a
257,257,71152,71154,33cdc4fff8794b2e633ff0b956c309da0a626644033718fac86f374e3db99dcf,5b18cd2cf221ac6cdaaa30998471beb3828122f6875467915f301152b758fa47
258,258,71428,71430,abf1a0785c4e5d039fcc9ef9ee48e04de3610495de23f9bb1002dfc166653d0c,a851f1ef6fb656b864330c6a5497f76f9e953fa1ea6e550566695b4f6b887fe4
259,259,71704,71706,bb3a84e2e80dd3f63a51ea2a27b7981bd9c06d53387df2ce17c847b06f353af7,767bfecc81cf322b385cf8be05b7d20553406c98cf269b3312d1d13a6ea5a764
260,260,71980,71982,fd621e931939713d7a521446b9855ca6260da82ff76ad6febf9b4774890f2ae4,5ce1ad98738f266316171e3045526882aed92e7f2a6689530baa044677b0201f
261,261,72256,72258,b21d3e1360d214006909b496a027e8a124d1336f3a85f3094a221eccd9cf118e,2cf8ce7f9d7511a9be83528244de1e83615a6454d0d92d867b2783783b609c7d
262,262,72532,72534,0f624cee49761927d9423f9716d75b403967a948bd854208d8c29e7011add4a4,c7b9acdec1d1a759cfe7343ae694714981bb7680271f0dee3eaf497c649269e4
263,263,72808,72810,911b98012345f6a07dadce7a48c85a86cc7862ce7cf3188cf113d92150aa971f,345c5eb3e64651b2e2ab385dce80f898a801f750ae3a6b09ddde0d6ff290c9e1
264,264,73084,73086,b2f840556318c5d60bf2ca898b1a060dfb9de51e260dd7f535e5db6f0f319baa,25ad281302914c632912998f9ab29bb2ec3dd00f8ab7027c7a3f61365a3b998a
265,265,73360,73362,b53ab590d0e7f56855a65c2a208d0798d4b28ca0beffcc795d380e34f79a0f4f,3002f3ef6782130f510dc67b0f9f62feea79a2f609c3ff7d42fed64de56c488b
266,266,73636,73638,716577ada7c5dfaafe2d11e213e5bb97aba22f727f5f5aef9f5232e94a6b6ecb,57b6c48089675a168ab829c30c68e424e2b9c45c3bf7264098b1ff1bbe714eeb
267,267,73912,73914,2282a65aeecc871f520ed599ad2b1b75e596d8a0fcbb99e00f33522bcd63df17,33de561106f34f1e332f27a87d9afea64e49f47bdabe606e149fcfbddb2f5832
268,268,74188,74190,dbbb749c6b2b5c6c34309dd665b14e3e9b04e2186845c6ffa760a80fcbab9559,867179fa985e59555e35d6ec552da86ccc81a8e1f57c0ac3254b19b27eae9e21
269,269,74464,74466,b6cefea9d30d74d1adaffe24a468c3928bb6e17bf8baebaae51988a61309618c,8f48d5767ded1f1a85a21f13836cf205861cf8d42be17cb0c3bd513934aa5cc3
270,270,74740,74742,858373435028712535c53122ad82ac2d1d0ebe8c7492584b4a6c49333bf40e15,da7ab03d9513a4aa3438cf5045730ec4b7bafe7e271cfc86fd95f668dd81ac03
271,271,75016,75018,1fb4f63db5fb4f5cd1579f9c9cc95533f21adec646ec019d8dcafef3dd7a700e,bd7095e30511963648bb54a102f1f3557958a963b29179fb40b689c42b2dcb4e
272,272,75292,75294,782e60de7b4ea0d3fea671a9f09de5dd1d1d059a4607b254e5521695adf3efd7,12d7eac9c0d949f7105b56d2ed0969145f4262d987f1e53f124611b170492868
273,273,75568,75570,b29119902c473771da79642dac9de9f6705e752e0bfbdc90b84460108894ec83,48c6731b68221539ae2baf02da9841169d30222ba117c858315adcea03ce256f
274,274,75844,75846,2470f8f91a0f15005fea266f975ef7ea5bdb48aa5b37dd3db7c4f6533dfe0455,9b0b62554c62fcbfd598f3c814b7c2dc097494b6bf5976d2ce111b60ddc446b5
275,275,76120,76122,f9fc7caeae3aff9247ba6ec878e629bd310e96703e58efdefd37a70fdae3a33e,0b188cc6f3885a169a4c56b40d477df30d731534c0dc355320b36567ba64cdf4
276,276,76396,76398,b8e9340b1d94695f7c548401825fe1cccc3698528c63e85d49dc54814f735727,a876207c674f0e7429ef4c281888ff20f7004df46c5cb43fb19abe2d49357d67
277,277,76672,76674,9ad49f6bf5853946a2d179d8f6c34a2499c5652fff36c5df8a04ae0a7337431e,46472a3ceaf0a405145b7dcab31f7d180c8547c7cfe5fe525358dcf7ae93155c
278,278,76948,76950,5477f01127a6aa11651415c0dc753548560ad4949c16969b97d545989ffef6f5,6a41141b14a800f908931565534cb3fbd44d6328b867615b3d65fdc50aa8d748
279,279,77224,77226,39c605207f4fe48b9709dda1e63a93f3f04d678360459db9511ff7e7f7bc1b84,d287ba28da5e735fac86922201f82a0403a817d0c6d31e2e92909750fe2aa6c8
280,280,77500,77502,adb0fd85d55c40f807b26738378b717e1f5c87efeb0f9472eb06aa1e3198ba36,d351c734043bd667cb22775db543036c619c30648dc01cae7240d06fe07d93e6
281,281,77776,77778,6009cb2696fba6ae83452a974d0ecd017b9225a16e8a9b105e3d2e43df354ccd,d0b761c6a0513108fea1f0d0255bed8a0e13a444469a0185b5e74261c4c399df
282,282,78052,78054,0c8aebcccfaf488fa79e36662dfa58a3ea16e5c79520d91d289de343596f48da,30d186e5689e4661e7039edc0448ec7cf5bda96567ca4f9fe67615e4ec475918
283,283,78328,78330,5fd984f12d6a5e88031b6d141ea3254f9206c3ff890921b6cada96c9353c86aa,f5b2b22599aaf55d9a6b497936046e7e29f960fe3d3d61de9859eaac8ded9fce
284,284,78604,78606,21d68268373b74ed2bae45da3a4ce560b92a43e42e3841215db1fb9708dab158,e5ec6f6ffa5470bb69a73811e92d6663497be2baad3fe0b55245ff0cc2237f7a
285,285,78880,78882,5a24b7b53652bae3c54959a8200a36a9b717ba57f0e34a224acc6cfdc956cb29,84c14eb1b12a13702c374c1171172f3fb195d20f32d1fa42c258815297d099a7
286,286,79156,79158,e62dd7f62873f460be5e1bb0e6442ec5845b11a5b12b6ce905cd7e82da925d65,b0c37d86b942a51161538efbe1824f8c6c7a7331db4682ba713af1514a71d568
287,287,79432,79434,8d5c0c9deb1cc57c07719cfca56059761035df6c38c9bbadc1969ec62d4f1b92,4fcca9bd18f335c12eb4a9c8202871b1867be2709f00303b2daaa3d4722bfd57
288,288,79708,79710,89eff46c74a8484cc6ef326f7d3b2574582ea671778e2aa7efbd36820a449ebe,83f3ece0def641a8bbecefe6936d7320d4917b5602feb794a4646cc8e04e2d85
289,289,79984,79986,abca42951269e89876fb72b18f7df35f9afc8b72b356a805658a0d879defc023,a8efd29da53db9e28dfb7ab178756f757f7ab2b062198a60172261bdc838fb91
290,290,80260,80262,7020821b443dfc47a6e29af9067b7fe4c662f4989284f1bfa1805e0cf90e17cd,797911e9201fbd69a1423d936c5e1df1425541b673eaee61685d187659174a1d
291,291,80536,80538,1ffcf920729b428ac18e563ecfbed1b9bedd9219098b19307c818c55d17123b9,70d03e50f9a9a37a0ed9083104aa6be4711570b5b03ac78b0859a857fe06ecd4
292,292,80812,80814,03737de3588aa946f3633c054d40c0be3b41f4afc1a3db72013eae383a2452e0,129e2f8d61f4995138b313fc51ef5b525d6cdc18d500296d583c4d29285d3cc3
293,293,81088,81090,77f07764c608957cb46f341297208b4bf94f2eefe3caababd9ff4401d0b39813,7f9e84d54a807331c4bcc85cb2e790e5deec394a09385636c7df4d9ccfbfd49d
294,294,81364,81366,34601ad2a825ebb383705965a7a38082d800999bd18e3381b366077223a9f52f,d6c4c88fb3d59d2024a57654ad1341420b96da241cc22a55256998eb804afa69
295,295,81640,81642,310dfd2f0fd15a6103d72c9491f4f51b27c0e80b779346436a326a70d07a3099,61d55516298b2afa60aaeecda61acc5815a04aac4b0aa019caed0d2b7d34cc66
296,296,81916,81918,691c41884316c606c9e5b67f17fc1183a4d04460431d3b666a50917b8c4ce331,e45553f72bb5e76285603fa915c496f2fe8bfa649e85189c8ade812febf88898
297,297,82192,82194,c237d4dd6dfaa284224825c9d4b58f4c58a81f34260673f7b24579f51a26572b,1a4db33d814fa757b59176ce90d60ec6078f6df057db010060d4b460c7a51086
298,298,82468,82470,f6c2fb6198980be14eedf17085066cb6edea3864f2dd0e905addce0c5f04d3c5,ff5eca8a411e3ac0a47786adbdb0e064efdf1f2662406b3f906ab1925762ab8a
299,299,82744,82746,b72032da4b9e5100ce2d605f6c52afe5847d59bc8f8aa0da2e420734c92e55e4,4fed53ac7a1cae72881573508e3cb8104116ad5c5486711c4e9d8b39e9beb788
350,300,83020,83022,7e8aad510c64b7e95aaeca537c137a9ee546f47be9beea27ce72766b9f36b620,6ae5b4de6f997d5875b23e961375211ff7bdb86d30b85d489068b864e24da911
351,301,83296,83298,50009ae8031518b1474ef8c8e69689c3c3e836014bae6d6903f20dbe87d9017e,f8c3af3d678e5be9fbb393c41130dbbc149a1a6caf41685eabe5e765f7288383
352,302,83572,83574,5c162063e02984ba22defbf0ab9ac1526935405756a0dc1c81c432735255c023,adb2062e1956e08b7a8bca11971d48f9676250684c209b4811e49203115b8a4c
353,303,83848,83850,21d42447ec1fe13067ebbf8a14b2cf1366a3313264faa39ddcc1bc7e7e841fb4,2b6e3077afdd0233432f0e41ca1e9d9d011096c63d728edc506e4da0c919239f
354,304,84124,84126,c446125df87e4adbd911ac8f5a2961c7f0c20b150f1b3c3e58fc37310abb7130,1c02699149cb6f1f64250a2192c280ac9263f03d271115363d8442c622fdb477
355,305,84400,84402,252930c79c928c56aef3e71af11786bcc06920f55234ee9c111ce563d0a12c1a,5829101171d4b07cabe33c3e8c7b94c3f75f505d119b582980316718e59c1da4
356,306,84676,84678,491b5f4264bd7f244f00e888461cf0d8b0c82ef1c1a2759e3b4f38fbcedc8621,58742582ae610c5212cbf58aa91f489595af4ed635cfb9438c8b8e9c83b14a40
357,307,84952,84954,58747ca15ebc8b79ae1e620dd3c40dea82638d352d834e143904bb5a16c553be,68848dc2e467a9902ca1e327734f0ecfbef2aae1b7bf231789171d2c71b3bada
358,308,85228,85230,736245f15ec678b7134fbbc5dff3ecb32bed2f731d177f26110f19c6f44a7f2f,15d89c84d21560a1f2fd0321aa6a55aa942d9338559a454c4dbda8c2c6adc54e
359,309,85504,85506,a166f57099bf5284d481a94b99c67774c0afeb178f1c02f6ac72ffd4b0878593,5248f126b66daf8a0e7dd3b804187d45ab869dca1a9437610c1462288d839896
360,310,85780,85782,05085be60cb0a1ae1a1d02767c011e25f81bac1a0c785171c5697a67a05ed3ed,5f84ca482f82205561a7e9aa55e2bd55f4db2e1c61fe7e4f0bf82a6abd21a1e1
361,311,86056,86058,f9a15d42c10ba0de9ac9006c49705d68af374291e158078fda0a136c89bed52d,56f9ac2ef3186a697b13136bd6b1f8c7e1412c7ed39d9ef78916c6e2cb97335b
362,312,86332,86334,9cf262d22117edb1e3af1113a2e937fa424d6ab5c8792fd6923e7554463ea06a,4ac48c8a0bd021a3e739b45ef2d340ad4e3b36af7a7f5caed1671af13c0ae849
363,313,86608,86610,0a8bb3e80c1c730e8e4b022bbbba50c9602783062c4b0ba9014de0004dacbe5a,664ea71c1a5e2bd1bc21fcc76c1efb1f26758b24a1b7b90eec9ed26c68fde8ce
364,314,86884,86886,c729fd64f47ec090f29cfc92ae9b8874d2facd126033063de545a7d89e3a471c,276c6a01a16a43e329f5f7511e616947563281c150dd93afe13e3e2d51c6ded2
365,315,87160,87162,26adecda080cbb7761c48d9d0cde9d3c976b026da1d740d2b507c3c9550abc52,97356567d8199cfa2ea368059c216f55451eba1ed84aea0251e816200fb152c2
366,316,87436,87438,8c907b1d4ff66af74fee740d2f0165bb38db2bbc0bbb4661b5f12b9c8358f266,9c6a42d77cef0745b9d4755c9f7ce9d4e0b175ee7abcd825ca00ff8d97ef0574
367,317,87712,87714,805e776a8f96da2e367badbd3441467b0544d3bf80491fa512f2d58b6d54c774,08051d760e96c8240a416b463d22800146d3fa728ff20f2b7429558ba2282edb
368,318,87988,87990,794a2f3faad28dd35652b8b2c752f4e03c16857bbb4b32a5ef15a2403a0871d0,9990f3cd357350831ab48afe97e87bda77e5d92d0615a5d3bf4658968a79179f
369,319,88264,88266,db8ee4d694bedacb24080966fe80e1de73814c330aeb45295cbde8680f05dacc,2eeba771bc12d56a8fc46b72251f6150dd9da3d9062a3cf365c2b619837bb550
371,321,88816,88818,7db41d40fa191a828b2d0f1a5dea0c205cd91a2eda77e06e80666c9ee6d71150,718d8e2a270bc01e29947f14631037fac6a138b2a0aa9b6c65ea5077809c9c64
372,322,89092,89094,2e8ac30e2ca4ab8a3039fd5a241cce2182f490323f4c85e7bc1fcf8aa8c7f45e,aa2e72ffea0a2edffb0d626a035099d48d347e59843f3cafcaa5760b0bcf38d6
373,323,89368,89370,2580639291884f83919479b4e5d806b215b5c7871dcc6d6301a4ba719f94485d,3537433356fb0850d5ac5c499f9dd9aad958c8600ec1eb2a65563c6bbb7b55e9
374,324,89644,89646,b1a92eff4ba12ac7297cdef149aac423bfa138361a428a242909a5a8ef717960,5ea76d3fae3431999117a03116f7966830171441430e6096b0821f58a407ed2f
375,325,89920,89922,fbf2cb63501ce9c41406a010cc08b118aad3e271fb865859eec582f8412e6a0d,cb807536cd4b329aebfd481dccab2ff2a049115f882534c7b6b838f4ff76aa7f
376,326,90196,90198,9d5a7b9d98456c84cc92c4b1b9eab34919f23b4ab8f852d8abae71e90c8e0aea,37d3f76a9a2d97f88de97933c26375702ea40f73128e60d57d58a57b0533c408
377,327,90472,90474,9e144f61812e9971c53a6e3fb0a6d0c41af18df514e44a7f261417bfa85dde1c,16f3a35a85d77c786bb1ee6a20f1da20675fa3a81c147de6d582938e85a42ea3
378,328,90748,90750,f10cd84bfa7249f64aa18f31c074b89da22ce083f0e4d3d3935fb082d275c5a6,8fea0032721fba375f429f67ec58094942868672b116b8caf0dc8eb6174589c9
379,329,91024,91026,c50696aec6be6a7b456a35833901a32481153a63cfc6a83facff498bcf4011af,7de25b039253ab24fd47a3398064cf72c1bbc3b08c0087762a919bcf68c821f9
380,330,91300,91302,297e431e643716dc58a4661a39e79394e97c738662955cadb0850125a05c3877,009a1da7ba232fc17da8d6c89d44ee8040ae3bc156d62ade1149362045c4f5e1
381,331,91576,91578,5cdd7ba4db7c41749eb4332ccfb18428515b168ce495e1252300965fb5d8fb6a,667bb7ad6769f39706b7695f8cd924efbf44e0eb415db068f089dccd113b0f18
382,332,91852,91854,8042b46e1ffec90a905d5ed1c725c9224d9c399d30be1d4a7d8c92da54c218b4,8bd1864fd7f5ab4cf38b74cbe9cda913d10021af55dbb50c20fa354ed285de69
383,333,92128,92130,b1b4048283b70de96b890d6ba45ca32a50e7ea56e993e39e95e73bf9e76015af,5739793dfbd90721412b2f42a4821e6ea724a0fefed52ac94d34fa93ae0f6a46
384,334,92404,92406,7894cf86b3cf9e9b600ea649a400deab44db5bde580be29e5eceb063cc82a117,cac1bee16eeb3eabf14b836f6413fbd0c816689cd15615bcf960973978ecfedb
385,335,92680,92682,cf860ac53b71db64d8e98a09178a95cfb0c413ae0ea8e4d88931fe944b5e1f82,a686e93ac78ad3ea9240a3611070d71a3bfc8436b1b4cbb80b6ca2f9189e08b4
386,336,92956,92958,9f220c8d34405b0b8662a51221a1655a490aec529c809cb65ad39489e3011525,9e03e4470f5d1aa0fb87926c588a4eb160604ba54dc08598c23558edf0001f3a
387,337,93232,93234,ed314ddc227993aee780138987c73557250bd0fff39124aa9dc49a9728b457f3,6b8468270828ab68fab64422504b057b0ae2fe90810f8cdc7e6503f35a5fee86
388,338,93508,93510,5290c49d88b68dddb0d7984e544f58c47366d56b1264cda0caa53cb279ddfee7,a133d49731c4a6cd46b20653fca45e11b4fd26df8c5a95c647f2b386ab137f56
389,339,93784,93786,541867f48a2f8450aa6ab0c6ce6585df8340db38fa21d99a330226ca30d76f52,d1adcc73d5c117968a1ff9ac5ff5be8ad6e3c2687682f102abc1a5f272219d30
390,340,94060,94062,8190d4ea45cf461c3359dbfbdacd77a2aed63b4ca51989d580febf48f4b28c6d,2ccd03bb44df7434d8885203a51ddedfd10b5188e1ba2ee2fdbbfe8edf1dfb06
391,341,94336,94338,ac39fb97c3a7ee3bccf3b2ce8ac58af04e004f2692e61250e7ee7eabd29de445,9e4752aab219ae5dc4ac64b246988bd2cf06da9f4dbb1b542b2f03eecde65fe7
392,342,94612,94614,00a125eadf140c989fb46fe3d5f8f8eb388a5c6aef64401fe31460e2c576dba4,ee4cd928d3a629d916a81b65b9569f7cea0b78ccd14e3061dc38b04161b995df
393,343,94888,94890,dbf46cbf5b279bb1a5afb348ed0b0591881d21754094c2a4a6116e66e55966a2,aba2e8c687a00d74cb7e968d6f7f075d7605fddb372d4f0bf9d3fd2b29c7c1e8
395,345,95440,95442,4b439948810ad29598921f6b8bcf5a1476042cbc58c2ae6467b2a5593a42265b,b71d8739d4f50ed19e6793e8d42c152ee91f4808e3e70f16fd71398606344c66
396,346,95716,95718,cc16f28d9478b4bb5a9ae82f70a555765df076920d4eeba45cd7b9bf6500b582,ff6e33cb541c03e8142a1367fada48ac453de1c04cf031d3e82abdabafa35f34
397,347,95992,95994,6dbd0b019371633709779a392749eb85cd8048dcb8544a5787aa1f4ba4e80608,3854064afb8e8e9bc081aca2ea47c2bf83b1eb2b72048a053b4eac02ac416281
398,348,96268,96270,95011bdffec8730686250c1564564c59873e64740eb9380d71eabf0b1bf94fcb,6b014bdcf6fca826385adbc60da997123d02ca41a67947fed3d7a433fd550ea4
399,349,96544,96546,bb25eb69b073a07751efadb3fcf1a895fd1a809b3070700051287b7c35ce2022,8b734f8af2d81d4165f9ff32707365e4b0fa4aa751eb656c40a80d667d56349b
400,350,96820,96822,f5f660323116c549c8f1c9c905070ee482c21754e71527f271986fb63cc2a3f3,c37a321a37365bda0590713b02ad07aac11575e5318872902bd0ad34f19fd961
401,351,97096,97098,00d38d7ca28ccbf212106d4663bbd23d72e84daa2879b30ccce8e7033c897dca,c091b05beb826e8573fa127cea19a33251f6994422dececf41facc8a87eaa571
402,352,97372,97374,082823abdea56b8f379ad1d432190251026bbf25a352a1bf384878a685dbbcd0,8b0e4d1f43601846f67b7007944cbeb63932dfe7298141d2dcda9867d1305798
403,353,97648,97650,2318fe2b0aadd3b830b0dd347e70ac863ba742f5423a8578e6928a4be056727f,99519108c920e8053fada3028a47488c7c27d9ab0c601193e57c5127a35f3c23
404,354,97924,97926,207983087f1729229ffd5bc460ed6ea8f26b8df447377a3602649a3eb818a01d,295f8a01af3d89c15755d64c6a0120a189716c7580b900db382f8b9266a13208
405,355,98200,98202,35e5979faafd4fac8341ef0cc11afad42eb39238b66d739defcd94bdb9676a06,ca1fe120dd3eda2476e0ae71a8798c768d16ada02596dbce5b10b57a605659f8
406,356,98476,98478,1f2fe6ad8530a0a206bdd0efa488490d6f501399d020969e714d0ccca0590c5b,48771d2621d60e58d7e29a8d696c98c8becbd99da69d60c95609dd6cb3086bf4
407,357,98752,98754,cac578f02bfa901ad24e73d310aa02a1c8b4e9cc1da24142df53c75514601c51,3c80f22e2c476d29c347f7118ff9b95c370bbf75783ed080929d0f6d45b3fe8f
408,358,99028,99030,7b91760d304537b9b36197e4a92d310a7348e72760729a75a31e12b9e07963a5,011b153cb7c53d5598b3203a3a346484833ea16ca8b8a542553a81fadce507f9
409,359,99304,99306,3296ff8cd85e2094e8cef29615ce1010d9c9dca01eb0879aae3708b8ecd36855,68a76f7acc8ea3aa811199603a29421c52a036b103cf9312142ca075a0c4304e
410,360,99580,99582,48d898ac220ebd689492b868dfe7287fc5fffb7f2073bdb004e30a27843bb9d1,b47ae49ca12cab348c591d64f8c3c53d87d1c688dc7c764c21d3eabf9b451ef7
411,361,99856,99858,0d625369e3bd8024807bec93ba00a2b9a471a5d2f1f31e486f8a07e8a2245d09,54aade6cf4ab186f3e6e407280863f1fec17ac727b406d35bf5eb43e3d6a2b75
412,362,100132,100134,0ccf43f478f9568b8a9366a9fe8bf3fa5c3b38ff19b4ba3f162ef114032e90cc,ed4f817be7fa2dad4625561215fdc735a9dba34460cb1c2cdaecf731390c8031
413,363,100408,100410,a55e49b5b0c2f4f06390e14ada57f5d5f3e66366913b3a727f035e849049ca0e,5b85353611f44655eab542b944d211cca76a592e8a1e00101b2f0d9876e330d9
414,364,100684,100686,6a3f9d81256397515cecd0a8276ba3eef462688bb2dedfa6417d3cb23d2d23e5,0e42d1ab76b3d36dc02033ba706a93c545c0545429473705324f561119c5d2bb
415,365,100960,100962,6ef6f743b6e79ee947016be2e82df972bbf6eb28c21182ad7efde05c5c4dce86,cf830cf598d0c6f6302156372dca2b7c84913c19950758b95c0aab43904515ef
417,367,101512,101514,a43b9dfca02aa7c33afd431df8a7478c9668707151305c0840d8e8990a1e5b55,88314f8710a941ad187d977f1f3dbffba7ad3ee58174b82989935570a3e3204a
418,368,101788,101790,25fa7e56293d89ff415c1a6084ddb8269f87d989cd313cd3011fdf58990f383c,b41e186e7af41b153607e21aee190e2f8723a904006437f293b5af3483ffddca
419,369,102064,102066,218072a048d1764baec54049518269607f25744932aac3a1a0317a093a34a484,6a20a2f3076f4533978930afe76cce3d645414961b1919719ec12b970c47e49b
420,370,102340,102342,a7fa87b3afc946e8913e7110a4545c270f52e564c6b445256d2ccc367d55c6d6,8c90bd5937047c2585f30128fccd54759b5117f2caaab562870e5685ec189e4e
421,371,102616,102618,09f4cec9a6268c1d7e7ee409ae94042caf6e659ea8abdf6e3c38e217beec6530,f19b4c3fd63a4115d04942b18b500146a975f732c384fbc51c1fc9fe1c2f6d14
422,372,102892,102894,1db57f5b12d911034448af2a7d5fd1178f5f1a1c97b942264f2d83977b46918f,617ca6ad853501b436cfe2670bdf70d1f3e841baab983a3472d455664ef7ba2c
423,373,103168,103170,f37a1deb643477a1918fc743bf9f95a90cea1c19104d12998adca12fb11c2057,0a0f3ce057fd69fc93ad0e155798866a9b13d093a8d15c3bf2db22ade20fd651
424,374,103444,103446,1d74ae50c3a45af15bd0ff8682dc59b9768e55889713f6a9eef6febd90be8956,ba0b2818aa37f7ca33bd59bc3ce8ed145a29193003b552b07d1359ff302cc131
425,375,103720,103722,3ae8fc5f35a5f3b229d22044bc725b229f7d4c8b91ed39a788eccf6d61554cf5,0c5433bf50176264c34f1785e1058473e10ae0740f908b71790385ee4fc0a0ac
426,376,103996,103998,8a50c952d566d260c962989b3d4e20e4bff942db277a5c57084076586e3f9e8d,99c4b233ed4bd45756a0311341901895ff7d82d281bdb6ceba7ee723df35f4ee
427,377,104272,104274,8aa42f89edd2b852c5b9c883ac770b11e7a6ed4d52982bf454857f4e44132492,7f2211f619cf9768022f0bdd246041b5f036c3a9c98db1d9d8d678412c8b5fc7
428,378,104548,104550,bdcc10561776f9b3412aec01a49c4197dbc8698fa60f4efa08d67af125531efc,539c4c1ee665b47ddb5092e582125744d96b38c2aa48bb5aee236e8b978de925
429,379,104824,104826,c63c841d66fd2b1cb99e274354ebe6b8258386cd79e2ef8e3677a0b7d7c2fe6d,e2a9adf720d7b73567143977761e34ee9c7abd1739fb213fc0b2e38b3425713d
430,380,105100,105102,3029c25d64d9cd0170e03dd4e186e944273f2f2f7f2f83048bd71d9f003d74c9,6c44d65a7f1493a57686c3fd52bae2952f67539c04576d4dbc30e2e00cf9eebd
431,381,105376,105378,03b589a589aec256b3cf1596e4a6f273d1bdd6d758e5f55abfb9995bdb336f1e,9c7b305e73e2a30c61c3c04f81fb55da599cd60bd3975c0b86f873ac2879d960
432,382,105652,105654,de6285191dc4e46015f244a632cef10d7eb0a50f4cf0a96b91785887520308ae,1ed4ca8bd63fb46d30186aa62ca757b7e022dcd9902eba14681955a8e1edcb6b
433,383,105928,105930,d32e874cec495ad4d05a55f46194a8f2d948d655a0ec2db6cc0bb3c0c1953291,8a2d8c9c6a1cf02758746851fc43d9ee9f0e61b93a0936f9d297acd55c588686
434,384,106204,106206,2bea30bef837fdff366664e9ccab85340f1deeaaf2f8d18d8bd8f5f11f3f525f,8bad9e75131a54de123028b930dfc53feb1631e76a9f0e4d858297d898c4a213
435,385,106480,106482,224a52966a5a5b413fcc981402682b16bd8fd3562d2dc85275a980d57c86d487,f84fc49e0d9d1f162a9849785698f236825df603f0eef1367df1bfd3da36a6a2
436,386,106756,106758,0222f916aa3d177d3c787e4fb533576337c9aa27c84142c9de98e54f5473c5d2,8b6fd307e1947f0c30de0bb1e8207f4fdaa3d9cd776be6db14678f5a7f16d974
437,387,107032,107034,4aafb25999ae09538564ff7b95ffbc68e2296d30677727bd2fe51beb62140827,b5034bfe8dec84ae28eaa204a961cf65c604d12508194dfcc08c3d9626c1200b
438,388,107308,107310,caa78a7c7de51a82f9190902a83cf88a244454d5cefea59ffd22fed96dead805,068d0dc36dbf03011444ff781be735dc3f3fb90eb9a7f8fcd9c4dc9e1b0eaa74
439,389,107584,107586,db4f0e7b307e79c0e808811888cf2dc8c843022b76486ea8824035d16aabb2a9,e3e767e9f27a8a546157392d05de9dbe4cc3ba8b0812f31984c8f5c25f02624b
440,390,107860,107862,77c6b9df65f446c8e56fb266902d2e03fcf09d3c0570587bba33ec63967ca632,e2b7652900b38c479edfa07bd5262a67503f69b2a46ed4351ff95eebcbaad10b
441,391,108136,108138,a37eafb96c6cb468d0d3e05097c5850bc2f3959912628372a6a49a5360931598,300e6d01df1ae14a19d0ad2d43003babab19d1e8f2ac7fc330259a129745f554
442,392,108412,108414,ce64ac2bc240f8b228860dca8b625680ddb495c0bef009613cce53870eb9be4e,e311ef407efadf3e81ab9a10dc6d4a84c89b8836118453ca4681a40471e99b3a
443,393,108688,108690,29534d381cb2d765f402472d2277a0b213eea3d6bc07e4f06e00a05d1faa2477,2d78076ca0a61150fdbf565814b763e6606cbee44347de879e8b552b3bb6fabe
444,394,108964,108966,ca6631290b1de9d039821fb9d14b7f4026a0936cec1dd49fce9405415b024d28,1bcb7bf7d7521fdffd150fc4a5880088c48c48168715fce2a54ae838e0458f7f
445,395,109240,109242,d9e386758f3ba30793babcc5cf9bc9e50adddb0370aba000901313eccc661819,b28964f5cd7a4e85dbe61973d780f13546337e6856c3379fb62998d8be244ae5
446,396,109516,109518,193250b9274093b75fcae956ede7bb3e47d7540a3cef7347e56e280b10478cc7,f056bfc5cc127fc3e36cb269ae2195e4c1161a5d6259812f73e54f48ac0c1939
447,397,109792,109794,d4577cf27afb04f14bffa32b3994f6690634f997cf21a7c06fca7cbba39a574d,7a0eb5d3a9b7af50d97a1703d93a7f46a3b2601568e040c97d542ec7e2611e0f
448,398,110068,110070,44b46214a4c6cba1026be3f95ba6ea40660ee113bfe92886aa70eb4fccc47950,c46f913b21e1c3ed902bf69f9101ad1231c7b98d38afdfd91559b38f37ba50d0
449,399,110344,110346,88250030a77df495c1f5a32ded6c9b5cdbd480fcb33a69268c4cc6c9c02ad8b1,26178820fd8c67d13c16d925fd40bd4b60763292ebc49b91b80454a6608af2f7
450,400,110620,110622,781b6b655263faa843325d7a3d28c8bcb620847b11babb0673b879e56b220510,62446ff4018181af23b42a411532a3703d9b074bab0df740bb88f6a71b40fa36
451,401,110896,110898,d5685011fe35ffddf2fa922888df326ff4ca7f8885389ced05c9505e8ae9bb34,49629f39b37a1808a2e00c17ca3cf8908c7a888d40c6ac8c05f3e19c622aa6c2
452,402,111172,111174,fada4342ed18c607feb1111a91c78331b14914212edfa09c95177813fc03d6d0,de29507d81688497cb8dfb994f4a89cd6b9d05d319dfa9e27133a845026da1ba
453,403,111448,111450,1f5e0d4be98de06f59fbc6f9923d79a6307bd11fbb83b0e202c4791ffadb6464,bb094875d75a8d5e34495d9930800c32be45a70def71e2ba99028c94715f686d
454,404,111724,111726,968d40689a94a5b08f08cefbacc0714786ec454af6d560629cb6c3e4d11e8870,1640e9f7d4bf086645914de32bd2263a2eac4fa9d4c53283c5d0d18fc62a7acd
455,405,112000,112002,dafcd480c42a0bbf5a732d001dabc9c028b89c16732af9251e0f0aaaf1d33d22,704dcde3d56b89f763b4d7912f6820504f57c29617a0ecaa3cf2b13264bb8235
456,406,112276,112278,eb84d2e348009fb5089403cea17ca3a206f38b5b8c56f234535ab2f31dd5eed6,40c36370aefa13c6011000276625c7660a98d75edbb214bc5f048bd5539c70d6
457,407,112552,112554,85513235db4148838e79b2259a621ae6a21a32a49102a55070f6e8e7297ae440,dd7c4539c0485cd43f3d990597adf5da4d92b1884109ef92043327d3ea3e4efd
458,408,112828,112830,01ad48847f8211fa551f467cd50e20c7de8dd3e123682c36a084de0b484a1e09,1c1c2886c91bf0728d53014dff32cc55827aa5385ce57df4d305b1dda9005020
459,409,113104,113106,03276972414f0dbcb9c6a82dde58076d122a432ca5ebf6e5b549360d29a75e90,9121efa20def49234a94ee6e5c433d65d5da344a8d551372533832cd37aa65cb
460,410,113380,113382,f19bad09fe55cacb232abc3d198c8583e75106921f14b9468032d6c0e4ee2d43,11118a298e96374149d4de6885dbd703d35da50c8fe2c19d3a154971db03d3b4
461,411,113656,113658,21a038230f88131d2024bc0a12a0800aa6b340f62eae3f69ffa49c44b34ced8c,e29b16ff4fe4386a03fe1ae2411e4693e806b5a9c11dd415b82a1c6894ee6948
462,412,113932,113934,0b29e53beea6287731a6675d2a31751236e1e086949a693045c6c49f5d98c172,f335a83f2d2a25cad53624df0703ea2ae2d85900ae53cb68397b8e2af81324c8
463,413,114208,114210,505bce54156ba39ec64f2dbe579000a15092e470f68504e1d0179ab8f2ccdb0a,12d925ad7a086b71e2672682aa3dde1f68038b13aafe79916bcaada98d8b8034
464,414,114484,114486,18473102118dc2d9fb8f650af07e5083f22706704f1a6e1f5b84f879518c2da9,1c5954aa95c7f174cec62f5811d5f1c8ae74cb9d7ac9315293ce68e8371e0a8f
465,415,114760,114762,7ad35582977ec053b3e01624fcb7e6d43bf297cf181ef15d8005859d3a185cf8,4a7ac0a255be039037fd2c860e4cd18f33e52784379ec7c7762c6baadf8671a2
466,416,115036,115038,949b364bc464cf5454aef749c18cc51020af2fc51d526d668c74d5b7b5e0d5c9,dddc16e7aa2d86c3c7ac4dfe701d4e258611cd411aceaea19d3f16824c5312b1
467,417,115312,115314,27bfcd3a70403493cacaeb168566dc5f954594982d239c41e8a58b0f8b1bf612,1be9c60d361eb2306387bf76eb1af66a08417bc2d471311b81185071512458b7
468,418,115588,115590,1ea4f2450bbb0908c168735aaf80c7aa9e8166fe509f06035a85fa90d4512668,ecf96150bd9bdef5fa66cee1fc86531fd287f584305d815e92dabb97adcdbe0c
469,419,115864,115866,f7586de3a8d53c033ccd3e06e28127581dd7011fdde30f84b1d93527f896b33b,5ce60580d7ef645d28b14aabc92fb20826104082b674b6eb0c38fae8a7860184
470,420,116140,116142,b55c5133847bcaabf8283b43556bcf91840d4d796c640ce29545384d839db022,7b1a0597365e653f771ef482ccb4b444d149073399995490a1977d1205520259
471,421,116416,116418,7ca173fc73975ca05eec31c47585fd83cdcd15f989526fe8bcf82c7a4d50029e,035364fccbf1019713609b4f8e92877234ada854b015ac0131f798a6ac4a30b0
472,422,116692,116694,4e2bc33b73cdc878a850ba15bbaaeedb6885d25a198349335fdff9f4cc7fa8a5,7a6f0a23600c1b5eb16636d97c1f7f802edb770eca4cb7772d9f626af02a7790
473,423,116968,116970,be5b35fb6da5c1c373aaf99fc6e3158f0863d507c7869e364661c5ccbfe347f6,8ae39138d75900c8e959d530107eca2daaabb9dad7e0c786249a6c1cefc1c21c
474,424,117244,117246,7aa1f62ba8c262a1ac4813546a409707bafa75826a05af9926f35ee69de6e68e,7858102c51cf29f4ea952dd63d00851c65d0e6887e68d93157aaa78a66a7ea5c
475,425,117520,117522,66ab227e4b06b48cdce2af18bc675486eb4919608cff7794d961ed8cacd2d544,bab9bee38072f3cd6148b9f442fbabb7b39e53adfdb1f6239d4ce41000b0c3f0
476,426,117796,117798,fed09e1dad50259e386510e80da21c17f6d48b7f12eecd70ddf350be469b0fe0,99c5856f42e3dbb2cda379690f6139054ce5b97226d9101357bb26ce60e4bf76
477,427,118072,118074,c9512a64a7bd5c7ef66dc6e0ba3d3f876d99522acd5244d4a996ac1dfbeb5867,28d6822f761d0d940427a502f8e4482fb9204ac8d857da209b1b2b07abef2f9a
478,428,118348,118350,a7ea5449c44fe4a8ceb5555b24aa82e81edde00cde2d880114d0e20bf98c4125,dd8954b157dc54fc026400d0ff37245b1776884ee1c3d66a51365bf9c57ac2c6
479,429,118624,118626,7c015fb155ab34021071d0d3216c20bbeb4c344082ed1a63d65d2498723ef06a,07661ef3bb92c3e63b781161ba28f59956efb814470ce93a13ce2c5fd45759f5
480,430,118900,118902,05f5d2353599a9dd93fd090f3f45245be1a92d70a04128a04070398ff1646fcd,1f42811a422998a253c022b87cba15b029b922bd8bdbe922d7b8d71cb9ff76fa
481,431,119176,119178,4638612aea6f54fbf8ecc13fb75b5916185c18b7fb6fcdae49b77309d2790325,bc56b78645457fad006e7173e5bca58dc46c409187a59668003e0ac4df7f7701
482,432,119452,119454,394c32000630635da614c549f4779254a9385cdce8643169e158bd53fe8f10b8,1c9797d2d9ece51fded2b305451561190893ba0a22f7fb210495f567384797bd
483,433,119728,119730,877a6ef53644a8921b11456779f9b9352e4cb8555f5164680d2d2877d9c7bfa2,8bfb365213d447aeeafbeb38ea646da79a82836e498a5348cd991abbb985c315
484,434,120004,120006,dc0979dce822ac8f291cd3667c005fadec97eee47a0e16a4d6834a0b701948d6,cfaa6cd28dd3138cd041075b094b1f731883240e9cbc97556ebaf4e60dc5f513
485,435,120280,120282,cdd096fd41f85e2e62ce478c138ffc0e419581ac7cb978c803e6752ae5de83b1,4c66170e0fc9d0ae1268b5fc9a0c309cb55dae321f560c24b460692190948072
486,436,120556,120558,87b170defc21c03243763d0527fdbf4bd4dfdb4fd96f123295fccceb11f4df4a,fd83de1a97ec2b3f2310d457db45804478e9702512e0d002bd65204f3c1a50ef
487,437,120832,120834,b995f57b272a71241f4452b35a2b6b5ec7f0ca77b635e6c1f26318acb1067494,c49d312b99842f28a31bb53a12c42a18dd4a38e4efa2232a53e3b74efcb4e2a3
488,438,121108,121110,fbec50f1339c7582a6cba5cb26d9ddb087066c2d4f7c647ace8c4f4c646733f2,b14d2c9fcbfaf042310418f68f9d702c241e1bd9a8bb48073a490352e44563bd
489,439,121384,121386,522f24ba933733b2d96857684df51e13862d4b1427f35d9501a6ef1d8066c9b2,7afb288df11cf3eced00964c2b6ed6b7559fbe91ae319c51c64a19cb3366fab0
490,440,121660,121662,e5b439c4ccbbcb4c907e2f621a3889a79c2859b78dfc04d9b981703bb528214c,18a8d343dbbb3579efe3d41ab3843e5dc680047d35e40d87c4d8755c7cd3a79d
491,441,121936,121938,d20d454aca5ff0707582d09a6020db3f714705de9a4d304105fa15b93fec4d49,7c86c06f92452cf6673833bff4fcd639873522c7d1d35a2c07ebf990b3ef8191
492,442,122212,122214,7a41a22d290a868b713e44bfaf7e2e02967f899e2fa6eae62c57aa8c26daf32e,69cd1badce3acb7e42a72ea919a9961452e768a523b6c4ddb2004cdce0c925ed
493,443,122488,122490,f29a445f5a5fdcb28bc1f087e1bf59a048057516cddca37a4a8959b397b24b76,d8dcf451a9d1ee323ca90746ac131293d8cd7f239da013f7136068fd2ad19f7e
494,444,122764,122766,47334abba5423c1d0b4e083725419e0ef7545bb5e3d0ad9c94863d0a0506b8fc,7f7d31bfa759d253035bf5be00351f59975a3c716eab6f1ff4ae514f51e9de3b
495,445,123040,123042,2f3b762c31bff6177095e222f868a327ee4a83a092195b2f8032780413e3c3f7,a97a2d5ea7d43b3cd829b2bdf6d4f5c4909c32252351f505d76a015013f2a454
496,446,123316,123318,21510c1a255d727761ac6df51f9ae2eb001e575066584535d748d0b7909ba11f,5366189f5d8627ccebd547dcb800af76c774a6bb706d0bf0f3570834cdc52584
497,447,123592,123594,30a334942311174dd972d5c14c438a68219d8d898e2b42cc24674a16a3c08faa,0107924c1f501dd0e24b29017263d3f66b46275fec71330577469de7d9e21668
498,448,123868,123870,5276be1066832e6d33e60d5f2d5f3689ff844691a90365cf1ac236f1db09c439,b2f1fabc52cef356f936eef581b2338840a9a61a23253749535e112c21966921
499,449,124144,124146,33cdc4fff8794b2e633ff0b956c309da0a626644033718fac86f374e3db99dcf,6c31d422d8242840ede1024ccc6aa3ef403bc2aec16796e522b53159943cfa51
500,450,124420,124422,f67b98db1c8cc0d897cc4065a3a555dc2dc29e4639022925e6f1c2d34525ea18,95b3ec9acfc381c52f4842852395fa8d1b07a0a2351e25f7706978ff034be3f4
501,451,124696,124698,cfbe4494761e022d9e5230e29dc503d9621ec9e65945f1046e4fe8958749ae75,62562bc20dc5fb4ce83ecd19cd809b986a735cb3761c88308c7508a3e9f07bd3
502,452,124972,124974,24a7a80efaf42f72528bcef89346eb4026648251f65c5f96405ce7e28e48f375,5e120e6f026bd931fabb6c39ae6bb1ee21b0a5d5031d8cd81404e9656587da8b
503,453,125248,125250,65c292591ce08acce8456d13a6ec71b1119194e119a80e843225c587ada9ff2a,b03fdb2b06645cfe73a64bff8dacfe04bdc64ddddbc4929873295e45de364300
504,454,125524,125526,d4e713b61a3d74e93d78762fca85ef86a02069ee8e1aaa7a828cf99653deaadf,65c37cb9ec7e399300351ec44b47f3b0f37ae0c7e4c8ad79e022bed553b74297
505,455,125800,125802,a518a98dbd6930218f0397754542d68de2d67fbfabae5a3888dc904cffc3a847,7abf854066cc2743931ddb54913f513450d95c742b2834c5c99e0cb4823a0538
506,456,126076,126078,3f766810b8169816ca2d2203e2cac852a84dfd2451058e606ca7e229d83f1ed6,ee3134e5b748edd8062c1d7006b296347278625584b3229a51c78d93b4170660
507,457,126352,126354,ec8e59ccebdadf8259e604b0ae9f86f008625aa24f8fae8d97d116e58140d8f1,627e4b2424aa13089ecbebbdbaec388afef9d48020de96af8ddad2a7ea5ed6a2
508,458,126628,126630,74261a382f2f3501b86a6b141e3680748a654ab41fafb1b692f0b34c94d87660,e250fdfe0239d2589e79b287bef651a2640f8ceb0132a6efcfde4a2288289e2b
509,459,126904,126906,4d35dc596564bc23910577834d49e0e030159f98401709a4f1b614f8d470d5af,17e39f13d206e6cb2f9c04c3722e48f287b95d95dfd62c454cd603ccfd304fb8
510,460,127180,127182,47d562ec8e0534b54f17cc7c0f4e3c7ddf2181fe1fe62e8dad1eb66c34ddd5e9,a7e9f2287244361a7f57cc53346534dd0edbd9e69b9824b3a4b350619158d60c
511,461,127456,127458,5632566f7ce53c43902e4c6f98599eed8c66b8d3c83fe3ad59e548ab8ea9761e,8c37591a0b60fec676803c4177894db853b2d580106da2d60850fd3ea2502fe7
512,462,127732,127734,ddf3a05a2c1749c7a1639ab5dc3648f65d6c87e2881c29876e26a769e3cf45b6,341a1d9992e3c502a95950c5d7100872e97b84eed2158f316af4b653c7b735ef
513,463,128008,128010,8773a62be8a8dd6b17724eb93ae3622220e71f473d3394a538ba3ad102ebb028,c06d4aac993bbe8f34ea48273255426d4d2d6b10d8eb7a22b1feb440f3238f77
514,464,128284,128286,4d2c8f7300d036217b19bfbbbc385774f403d9dce72f0d309803dfe86880fb9d,15d1fd0aa5a3cbf3647861f489db200c4234d6bb3e8296bec0500cb30909d7ff
515,465,128560,128562,edfc5aa4e9eef643f89ca9f71bff1626aab35fed86a8a1408b1e44ffbaf479d9,b8ee99ecfec7b012fba4ccad2cd8fe3efdac48f727d485ab9cd790a929e7dc80
516,466,128836,128838,e251ffd2a3665c9a6043a507bcf02c39ad08e152c838301d00abac018ac8aa3d,8ab0f4e87eec8571028da38acfb518dae40450040c824d0a4dc7eebdbdfca424
517,467,129112,129114,a1a71b7528711bcbe4fd506c8d01ca3ff3a36b077a69bc4229d31793ea307229,7ad1492a40d8329f32168701fc3c1609a89b14d37a302871c28ac2ca34895232
518,468,129388,129390,7d1e188b497237f2cae1c98c8b402d3cfc22cc1221158462a429d81604064737,dc97291b7dd2d5d41bb94d0e28eddc82e71ec81d77f8965e1e67436dc5752255
519,469,129664,129666,6bdfea1eaea20de046e7f247cddc49f8bef77c481d07719222f9cce8ba7f21bb,75903f9991cf7dd58e4c1424e893ac18d11440292b62e4b146e94ef209deb2c1
520,470,129940,129942,85802c37845c20043fa5bb0e7efec595f6b58f9a72fdedadee1b4e46899a3757,f296a8955e08cc695eea2d2bdfcb4875fd4f983895de7581d0745cab88ce8f31
521,471,130216,130218,b2df4e5b4bdc727934f799bc43ea998c3fef5ef6b3c74ef4d3c083de705bc9b7,967b522d75f82e4b245b898dbc5cab124720b3e9ef47f4822259428439b17ba7
522,472,130492,130494,6678074dbc383c0c24cccc6358718e8976453016c3e64493cccbf69ca64dd5e6,81a6926cc59229fd947c38d172597cc632d6e31f5f0a43d5bfb6b05ec9e7adcf
523,473,130768,130770,bd780604d397f0a1c72694f5f4c273a69ec9c8eb97db2ba46791a91c47083773,0af6674edc376e4c7ea7293d7e01f19b32fcee4929bbd4687598b92e6c1472e7
524,474,131044,131046,41b4f800d68b68f251dc9b79d850f7849a8b4147b9da002db63a3570ce1a561a,f9fe455b84689cc028e2184456906104f27238a8074fe81798ea86ab0b555695
525,475,131320,131322,7acf9661b5ffd9f60e147c54696770d6475fbe2f6633d29a1d2014ff7e8d9d27,b080e58ba7195855c5fbde32c394a4ca456413f43009b4ec569f673a2aa54876
526,476,131596,131598,6d8e2e16adc7f2e3ac4e881da6405655a65347d1fdbf3c930ee2f6ed2aa32e81,39b9d89116630dd62dde867759b2f14ae3a9f8697ab5cbf3d3c17ab088708a1d
527,477,131872,131874,b308936ccbdefa2de1d502433aaa39e84037b46bc4bccdc7f7b86193c9f02577,ab3b9d8ac4f35cd1768d618e10419f7abf664e5f1d54eb81288dfdaaf03f617e
528,478,132148,132150,1b7b387caba510aab6ccaf1412fcc2192251bb5cd9a2728a77d6b2865099600d,87e7cfddd48fbc40447f52a739d069608903f5f023e08fcbf689e9e42c4d3c7b
529,479,132424,132426,555ca81ca71e99de1eafdb4fe57a99eaf5fdee615cf1728d489cd275f3b488b4,187824d49156454319ebec9203d7ffe3c917a2d03522ca40fe8f0513b688ef61
530,480,132700,132702,caad55605223b178c6276e7ffd34ce1d3820e145d61c494e1a49cb2f5095e138,5f22dd560e72385411b5a3b33a6de49516b8193a3dbe7a74ce1143cad0417781
531,481,132976,132978,f478b134da94266904be4f500d9584af0a34e502b48bf443c8edf411efcf7a74,688d1b1f15801ef95c12a34b9c2f47ed56f1c97a3b5bc3281f67772deeced079
532,482,133252,133254,412538e67a8233345d024e6ca708996c61463670a2cd3abdc5c17275bcf79315,de9d25800688ba30555c72dfe494d1f4dabfbef5123a2c473356b8bb7f9d0f45
533,483,133528,133530,24af5357b259bbd1bc96fde991c31c96f972258b2ec610af130eef53f8b49606,16797eca768664c671c32575b52fe978cc0facec9ff0a9b23ecec9a0bfdbec7a
534,484,133804,133806,ad06f732cd81dcbaea2b437a52352619e11ecd3b4a37b8d2f282291a049dab59,2a8cf58dd809f41e420cc421814242ca8aa76b907d7a6e27341c800cbbaa99a9
535,485,134080,134082,fc528bc112fb77575a6984fbd9c2265d78820a78d366f2c273319e5de2863726,c345ee50634ae6937ca9a604594bd09f9b72bb1eba999445db7113846ea3196f
536,486,134356,134358,25aa52c908a14923281931d9b49e95e001bae9acad84f5d8a1e846d3d1a5bd90,54adfa90d022b3106e74536f354f2d9cccefbcf224d491e34459dfcd6658f58b
537,487,134632,134634,f7e037221f9ad6215bf17af4fb0e4481ad5e3c0f8c610716c6d14c8126686da0,1f387b2181b96188641476defaa68548eb6d758cd2706f8e222a14e91943d79d
538,488,134908,134910,ea4002a87ecd116153e85c545d64b91eaee972f4e45e20785ed9a6693e05bce3,cd6a0779629f8c4093f5702c814abbb81422d9b810d86365bc545bfc3f456253
539,489,135184,135186,4bcd42919dde66b3df0dedc516f54f4099bb17156e70a259d64c29869fa20394,12f6bc08f257edb122918a5b0e65ab6454c01b8e6ef333fd5c6569d92718dd0c
540,490,135460,135462,734315c76b044de3b7d7cbb66582bca607819700a07f7a16a422884acda16822,b3b4e5449063f117e8f9bce36c7412572d2c95c91a2429c6921aafd8eaefb6d9
541,491,135736,135738,22777bf4f64e520da69b4bb794658f1d81fed149f9dc53aba8d4fe148eb96e7a,3ccffeca381ef0b7be60706ec909e81c71ff5c3d519ba823052d772c80e3cdef
542,492,136012,136014,c7c6aa393e347d9d603335b01400a4783e9a9300f7b5dea3f70881c91960682e,0b02d181f220289b7df313e0477d03fc7107d63f70b0319dfcd0501ab6bdab9b
543,493,136288,136290,9687c56b545c333187f900873902f58129154b30ad7a2b54e3641c939d016ac3,6d088023aca2f18f16352dd5803524c7a55f7d6d49cef05fc5a12f280f846f68
544,494,136564,136566,f9cb9ed9f8f40acf3c3fabaae4d0a11097881a49087595c15bbeffb410076666,6401e76d027add6b65329ad886639abe66f2e4c5f3e7471c8a8fbab363e8aa04
545,495,136840,136842,3995a478a1d8c16496c16f17e795c089ad80d2cba23d178bcb057e479c8fa9bc,50d5cbaa177ba779084e649bd708b8618a1645a89ba8ef6496d10dedbd60ce9b
546,496,137116,137118,545256dce74ae2585dcba924e674a35f8bdaafd1d6e38617c7cb3cddec4893ef,30bdadc4240a2a3c7a83a7f4852f2f92b9e5546243ea667a971df6ec246db741
547,497,137392,137394,8681a943303ec4a48cfc602a990186bc7c0e978ce1c6da2acf4f00a9fd0420ab,6a50ce5765e4718aabdc488033c4a2a4146c9fec1834c4fe74cd94e526d0e658
548,498,137668,137670,17aef7a59b191bba5d1f2cfa121622c034a36c2110f407c7d9d80f888a7f2bb8,f07221b35f2438437d4fac57132465d89b5a59611769736fbe7608bd942db5a3
549,499,137944,137946,999be898433734f0c2c5e78994e93b0f594a63074e4c58370ca7715b0f192d05,f274b774261cd26802125fb2d55753116f84728a273a9492fb7352e1ce07fbd4
550,500,138220,138222,d4427678dd22446665562cda62146bb11c70a7aa59fd31a279e720b0f78d25ad,9b01ed0e25fa72d0af441f82dd4f8eaa9a1854bee6cf8b7fe71782627a662068
551,501,138496,138498,25e531bed4e66edc0e3a8b00e1092d694e319e7faba3c88c9aee5c57a399f54f,5dbc8c9ec13840d95309c058e0aacf718cb034266381471ff6ae9437548da976
552,502,138772,138774,348f51f7bf3b51f618e35b03217ee7a8d6a645415bf7fe8c8d051775b2c2ed7a,9a0355373a324398ddcb723a4ec63fc136f3c6f9d0548d4887ab6accc594c184
553,503,139048,139050,dc09c746f9bafdc456b3cdc03ba57064ee64d7f4f7ea81f5ea995f9d533a25ac,4c8f232ee495b655b90f507ee5c36f730639b157af6aaedb9329010086ef26b5
554,504,139324,139326,bb5c2fd4c52e908aef02a3a1788161b19397c366dc165f3a18d939488989876e,f14e17e11a03d046c47c0a3d53b8aa26270f322fb425e79910cffa22b742e242
555,505,139600,139602,620f9a5e7607316999fed1e22cb6ca25bd00c8acdab6f9d9e48a31e982e0618b,93e78234cbc7ca13135a3d2386216adc556037d40e47471335361586b11eab74
556,506,139876,139878,024fd4f83a748f0ddc9c938a5e402b387cd37be9332bdd6bd6f3edd6787c507c,93fed092ec6e80fdb2af257b69ba0021982b61dafb28f2d568b4bb25dc5e7a5d
557,507,140152,140154,b245562aab87fb13cf062177530265c459f0bbdfd0d94855a60654cd49a7bb99,87e890f9c62c7591ed3ec503df96d17c0dab0c791e66ba2d265ec388d5a708c0
558,508,140428,140430,66004a748652080a6b7042c60385a63a61199e3c831bfa6eeb260678b16d0b5f,436e40644657d184a1f9db9e293971482213a6f182898d61b465a932c5541263
559,509,140704,140706,11871bf25c4ebe2b13395650332f2cfcc2f59d5b6bc86cbf08aef21a4364f498,97119d68ff27fc8e50e3f7f0c8ca1d0bb2793a50038e7de248699b73f91c7cfb
560,510,140980,140982,6be922fa13f5cce38aae101402235999e5ef08c8ee4850822b521f2f1005fc32,afe37a2c85b9688a3d5d20f17f101945021eef42915548e4c2831c83158b67c7
561,511,141256,141258,70794bd7b47aa59a3a2f8f3f3b18568aa095f62c42c783ce616e6f10354b467b,4d4e6dedc67ab79e4f868f2563d4fd3eaf3c6a274d453f521f4227d92e5cf9aa
562,512,141532,141534,8cb75508f3ffcce04712237618aed698e6665f92b2b73e5e0a1cf0228474dfb9,cf9b4b97e640d4758125669cf77d41848f6f200b97672d887cdd25bcdca8c6fa
563,513,141808,141810,711092f2ea82cdd266707af8b74d64eb4967b0a71b36d8b490a1c83e1dceb4e3,b6fee670cdb4a35771b98c2223a735f7ff05c7b41f29c5e6e465b03e86d02abd
564,514,142084,142086,eb344b0259e4de6646b220163ac280c97e6da7213c0c72fabda5b2f4d6dedb17,391b1c57d90723c9962916be8ee0d304057068587f4ad673979ef795ef802192
565,515,142360,142362,7521b858f0cec5253561f551a5a2f8243eb1c73518e7421f7e402ff5ad3b6b0b,70c6b24e78c03045a88475d199aa20c57b6eaea68c7a2070a4ed973c63f14876
566,516,142636,142638,7da175d92a56025eaaf9c65d2128ad745520bedc0de96ebf6c6f814a54d44033,a778b056507075276568b012bb22363049cd37b5776063cc920b0a2d9491a092
567,517,142912,142914,7d50310bb259ecc7e2166e08e5f7ec9f07781524aaf3fc401799d005bd6cac3c,7205590ba7ed16038d4db28f2a56114348ae6d821ce9df9be666bffdc0f3ec74
568,518,143188,143190,8ef5d2bc95a47de3a13276a5dd3b312cef576d11ccd24afe4ab65126b43e084d,380c2bb52b2d18cdf0076197e2abd078144dff0aa762c520ee8d2e8f3e5c59f9
569,519,143464,143466,6c5c2e6b3a29969056f0e79b7e8e2e47653b2dd046e63a7c48bfe068211a2ef3,5088d10cc2831d9ec50a251bd0c9189c716a2f6a90d7c4d19f24c99211c3332b
570,520,143740,143742,a3491771238c5fb416eca6bb1647d96a06810b13f0801a3f56cd0eb42a4efb62,3b79795dfadd838752e3c0d4df5918943b1095b81fbd717bb2c3ee5109c3f180
571,521,144016,144018,d5c2c3aeda42e2a58776891bffc936f261774211a08ed521f2e2bc7e9a2499be,f1e2ff9ecc8f4ae2c402cef5e4f936b0e63cc77ab226be3aeb46d8ec985dffa2
572,522,144292,144294,763003e4936e6c1bc9557afccef7c1b1f9df47920852775f817a4cbcb34ca353,96ca1cd50e638b96bba57632eaaf12eb23e10b639142cf6bf2737dc5a494fd26
573,523,144568,144570,90d4bfd6936fc7714831d037dc59815184b630e3c7d08947aebf805c474b5137,ad9aaab0d6cadf9b147afcdded9f41a1c103d8009139e909d8563ed7ad922d18
574,524,144844,144846,89a71cbe77281e00273eac76a0ce65cf737a4816e15b642f97e6dd933e4714b6,aae5c6d3927951381ed81654be093289b3f8808b3cf1b1ad79670042af540403
575,525,145120,145122,49f6c6829285831b87601c5c28dbeca6707016a108bd60d2753e8ca97c3d2753,1ab033785401f09781eb555c567d9e5bdbebb031a35a8392c52837c3e2919eb3
576,526,145396,145398,97bc9647f5ad8e599666fc0826a634c833565ffbdf66b9ab70530da7541f6551,0cf7844550612c2acd6948dc5c8c9d6a6762910b101811856474ab7804be2627
577,527,145672,145674,544f09a00282c43502f37de8d68ed876b4ba6f9dc23ec5592016dfa5994af2b7,941a926ea5726c7a5cb5e960a0a33b1e267792e663ce4f37c21eb1fa6a55ed4d
578,528,145948,145950,27b87f2b443000505fe20494604df764e56b11c52055a8d5fac4dba0eb99f0c1,dc1e40ba562bfc991276023e73aeea4312cf48f09830c66fb33df85b393e1b17
579,529,146224,146226,64e592eb47008c2867ee20e4699eac9b7e5117411221b4480d02131dcd07474c,935dfdf069916aa695ab52f1de03029ec1822b1f368046ffad4dbef069d4c40b
580,530,146500,146502,04581aee407ba7905ebd8ec86f23a7f060fabc77ebb7e268e176517e1c98b952,d54715adaf13f5189c549bd7e9e72e7542701715604bd597dc62189820fbdbb3
581,531,146776,146778,f368a47a5ddcab6d4e9e6a56f397d8ac96d2f68e4948c9e2af7e0be684df3645,009238ca34a26f572c1a310123a0b507b18cca8afe35ffc1cec8bf8d7da90dfa
582,532,147052,147054,4fa35dfd1030e92353aaeb05f7318eb1ba514b9e4190299a359b4cf7a9511957,72fa823a16add562575dbf72166926c65046ccc7fc2963a77f9842719c70c6bc
583,533,147328,147330,ce21af803f96845816cd1d84d33945ad8e2ec14a467e100b32a596d4d06754d8,7716ef1e61c825acec68c0014f74200505f8071d077713acc4e293b8baa18680
584,534,147604,147606,ca8d6248a2262b4904657c88ee17bf6f59f31166eaaae4b6dfaeaf7a5d9692fb,086bc687b0b82bac64dccb1c0b4d8750358dfaa968744a0a638c0349d9a85579
585,535,147880,147882,2fc005575793a725a3279b017dd67301bbafa4f2ec723dd9fc0ac33dc7b940fb,55416b34c8148c3ef8b4cc27d1b1333f362ad69b032532e705a4035d439f2ffe
586,536,148156,148158,c80a97aa74fb256066da51f1b48e19de98d7238422e2685a65d0e9f2a457bccf,f8b292e4fe70b6ad647b87c88e7ad686d192e275541f0c38e890c97c2811dc1f
587,537,148432,148434,fd0a3b53b1398fb3f762c6c3c85dc4d18a24a86fd00dbff18a5fdb68f51e795c,05a65f7237b6ba3d422e080429f89ad130386a0793dcca49c5f0c81c9eec073a
588,538,148708,148710,c560913dc81b3772becb7b5c4006af67c1673731016fb2ca4f6e28b36cbca4fe,9d0a9634b63a45dc20328fb293242c4ee9489e6111a1ffe42f1a51ecce86fa8e
589,539,148984,148986,f41ad4a5aaae9cefe59b0fb00d71c0d399cd87e1846e7c19ff06f88f35db9650,b95fdf4359ae513a055f34b1ea06ed459fc1889b7a8c24cb7e87d69b1127b453
590,540,149260,149262,3c82feb8ca0858d4e95a08cad8265d5f993865f5996b13e9c20a70c0a4b7472c,b49e2bee1d408fdc28842d66215addee9ba1cd6623622c12916110f52e20c782
591,541,149536,149538,95f4397efe9dcb7c65d3287dd90076e3a8adfc77f7fad2e08fd618bafec93d1b,b8fdd2d4616cafdd8c4fa2e874f2f67449b3ee8adebda54109f1f838a427a0fc
592,542,149812,149814,eba7b5c3e93f048bc76f1862784685fcdb144a353e3efad2b79b2e5be6a56e2d,24b53806e223823ae28307159663e141b2e94043e7524c469e1221918de6fe0a
593,543,150088,150090,58ef49df44785caa6034e45ec89b7b020352efa27d72500293a08f3c923188bf,2c6c9fc86aef9636f7841ed6572f0e9e131036ac0b7a84ba56d0820a18baec3a
594,544,150364,150366,0ef9647640bc1ddbe724350c7f79e92d1e2007e23c50b9afc5eaadb56804af2c,6c06874f0a31a0a063824fab7e512aa731f29dae303736e7c2b3f2256f60147d
595,545,150640,150642,5343bbe0bcd8ec10917677cf1637d16ac1c0a08d37ec9d6cd5abc2a729007100,d5d0383c77669a12868954eb2de7e1ab9e2c3cf52be486f7c83cd5674a6e5276
596,546,150916,150918,3d2b56b76dad831d216bd4a91474ee6b0f90e1c8ea2be74080399742f38129b1,3560206a7d86d7c0fd5c3f210a48661593cef6ff069a475e1b653e24b75da7b5
597,547,151192,151194,0b5e8a4e4aebe57679e48b6a065303475ad9a3594f0b467242a05ca9354e2003,a6cdd561d6ef3f18d5a9cda5061f26e95acc10b3c93d82e52df7d55e29941d95
598,548,151468,151470,69d034464b38514d56cb21ef75d74f6726acae640f58a0382ee3b797ecfe77ec,7394dc4818ce42b7ff93cc7a0134585ad75e220caa157d930316e9b3f70b2ad4
599,549,151744,151746,a16b3a9c30d9ab3356ea0e9f3efc3a24b389a1d6a132aa022c85680be17e7abc,750e28f9526f6e227e11737195a87ec8e0f2ff366f87365a8b7a2a29a5170ae5
600,550,152020,152022,1288fac4b4c4eff1693fabcdbda8f50b21518af040e5e2864934100908e17279,a5efdecb4fb6230673d7b8afbbb3d0ccaabf5e905383755d41fd02965a67e661
601,551,152296,152298,dc1408ae68ef571f0fd9082b72b4015fb6f05ffe327268f1e310a7ff70a2af22,50641c8a4cf6f8b1ab85a3ac54abbb98f10997da1b70724503011b82fa7f72e5
602,552,152572,152574,d148889514628bb0ff990e73e577b3f6f69b0fdd90324c1d5c45acdae9119a74,c31326b8ea4712e7239675cd12fc18beec1d7ec24037eb5ba30ddeb948a95662
603,553,152848,152850,029333ba7e319a0209edf2a47e06871eff51ce7198834ae9fb74489b9ac7cc04,e9fdb914d7d59816a56bd1cad549c5abec9bb929c9d30e6d06f74a0a1f62cb7a
604,554,153124,153126,99786ea85a3e0c1158ba2fc329607e0679d1fbb7a1e6b2899ec3c098186e55fd,d390dca90f04e2d1c350f854eec49146489b5248b8c91a8c09a178c2fae8605a
605,555,153400,153402,eab622f3eae9bb87049c8cb70a50bc59b533219c8d5574949af7a08b5eea8d0e,df663dfb0dce8036ed6ae0965908d31245381006db1045d143083f812b6700d3
606,556,153676,153678,cd67ce2ab1490ca49ba0f8e47f82d6d4f8c9aaf606428692984cb3bc7a560029,c068c7f4a362e1b4d6bea542bab2975c240a44fca6aa1a29fef4e77f3fc3b272
607,557,153952,153954,d36820accb237c9fda6fced86ccd8641062fbc22d2650980c72763beda94cd34,f99a84cf4d7e86d19bf97cd7fc018cde78893179a60e6ffd1b4067bd7f48caa2
608,558,154228,154230,6155bdf590a4cbcf39a5834edebb846e5e522a18ebcdae64d12fc7b81ccba081,ed7382903d971eceba1297bfe3e652e7085a6eb65ce8b07cc20cb5b04b85b584
609,559,154504,154506,c2478badb46497bbb8d2fbe23880a6e01d1f02c5202711bcc979c10db97d5abd,ed0537bc72b7da779ee48c1272220f038323ed1591176f105683d976baca8843
610,560,154780,154782,a696a5f8da7ee99a7b84d75e2265db2e1f7e8cea41fc729fd37624766cde76e9,5b21c2ff3b24c4b88daf2da4bea1713fe17b1b67469ae9aeb2fa208a8d0204dd
611,561,155056,155058,dbdc936423359ae656b9dd02de970154ecea10507845d03cefb5ffbb26dab890,b31d270ef128d23aa0cb59e0da93846d3fe0a8b40a470ca59ea25a055a6ddd54
612,562,155332,155334,df7a082eb9e7f512bd80eeda2b19d0aad50884eb14a7ef430cf5785d91ebd02a,1ee62bb8ba092cd2d76464a0c46cb5c6006d0fa7dc9c0842db6edfe3c1bef402
613,563,155608,155610,f584eff08ad48511cf9ded8429180a8515584e4c4ffb78e205a4f34d3c56dc9a,8fe55c043ef6eb92d6c58a6ea98d168c492e479d2894ab9590974946a7df8a29
614,564,155884,155886,e2f7d5c1dbd36a2e09021454d320cc8bb9ea74b7b470cbb2848a524a2b603db8,0a872e41c0f4ff4f549124dcd9de74fbbcce415d02755c79cbd0075fb9211a60
615,565,156160,156162,021ad2ccc810980689825021d7c73232476191e1900311a5cb489a5917a512f4,97d48016587c37d337d6f9efb947d32582bb77a18c2c7559966b0db29d33ef80
616,566,156436,156438,4d66559b64fc0553fa5ca91f48de2782affd4cf8436d1e51fd3dc5549b476f1a,3acf3735c2e8278b58ede3879713352f93447da1df2e80ac66d8fda690244389
617,567,156712,156714,40f4a350b2d180b6c20da969da4492cee9945669f4ecac4d0f261f96ee33bb20,39c27f8a2210dd095d79befcff13b9ceebe94c5c17282b3723794b670a8b50fd
618,568,156988,156990,d65f484bd4266b73019b5c8574ada74ee2bd8aa840bf1d8b1b45d8f975b4df69,07de20855179a04cd5c2e27a68b1fe49cbb83c7cca8f6e60b26f7bde2a4dd5c5
619,569,157264,157266,bc6031b1e4c3bdd91aa36d437a6fa41745dadb4dd09457bf0dddbaf713ceb7c4,2861bbbae8beef2ab228f54a411ee76171f06177f4c324ab82616d4bd50e610c
620,570,157540,157542,375fd9dfca872be1b1159e5d7b22f06778725867f64e3543b0b9ac68b47838f7,dcfff647b33235f89ad3a5f9531acb1766616f6dbe11e921957b56eb51f02f2b
621,571,157816,157818,2326c4ed0019808c949fdf70ad9fe3177c7543faeb5b97ad41143d2f97c0adc8,7d215c09c058a92c775631cd03e4526314e05fe24d876b9848ac181e2d9ac226
622,572,158092,158094,309fde4b6937193fee508fc9f38eaa669be3ae9f96ae5b662a9aae0c6e36854e,6901f8f51fe496879e10fe5ad5c7b7f767efb3588ac8cba2158fc58487b04399
623,573,158368,158370,13b0ba8a82db4545900f8eed0f865978c6b9ac70ffa2a52457c76e304069bc8f,a7c31677945941212cc973053a1420b49651a244e0056259ed59a7329fd4c7d5
624,574,158644,158646,85cf532b5e8cda6b8dc53a917e509c9f06f9a9db0ed5595dcfcca96e59e72110,2be3a47151f59136c48b7929b59c2119343a16061d498ba93c0351e8d57c7f47
625,575,158920,158922,d678aa4b3f02089330bd2b4c417f44eac8b4d94b0d7aa8ff7a922fd5d5ea0665,cd721f1f76ff2dde87edaca06b16e88c37fb62864b394d027f0b66af5a05b762
626,576,159196,159198,43f771530a9ed5fd64c5e98396dd6ee49ae60ab9e815231cd922a8c544cc027e,0ab262a45949b63ef94ff6c2b57c5a1cb87146fc049362b482275af9055ca5a7
627,577,159472,159474,8fce8694a5cb50c45ea0325d7562eb4a4f6b83f69f138b94b03f15bd7dc1214a,9faea8b54b8b1c516cc3ccaa78b6ec62584f43fd67c6183eea573e3c081b3d66
628,578,159748,159750,4a4b677326ecc9a8cc0c732960ec44d4871e36dfa61d37b321b2c09c57816572,caf6cfda279676eac025856e05ebfd6fb4fe22aa69844f36e8c6efa20f0753f5
629,579,160024,160026,0b9860cb219ea486c855edf981b7a12e144c0e5508ab987edd842188a657d0cd,df86e2b002d89ec31e5fa748510d2418350852729eeb41f2cca33e9e051a40cb
630,580,160300,160302,5ac39bfcde79c4b0471282b8081433fb2949cf88bfaf0dd5a00846f1d5b8ad3f,055f429546c96cfe36fa31c77c31ce1e14e703ee27809a4ed2169245c6650aa4
631,581,160576,160578,82c35416424595302a09ae196384488f75bfbe7389e3e1eb4aacc8096ef7e498,4aee6cf2555fc8bd221a1403c18e3d840109ed67f073841c891d0462964728eb
632,582,160852,160854,bafc8c8854e1359f646522e5a7852fc9d38add0a96c3771ed3e36790e65b3579,e64919826af60268f4f68f6aec12e7434c198af971556ceef6d76ad17fd0fdf5
633,583,161128,161130,76ac4b210fe51649cb6c6dea517fcf5bf86a422598c94b07c4ce739d7ed4f47e,924b48423b49a64ddd85a204d52d5a3b3c901ffbeb5b16da5c019dcc13ada713
634,584,161404,161406,828895aecce009a1385a4a5e18d6134cdb77d2639adbff67ad00561b74d1bb68,831f36c96ed07521ffc39c789e7d57a8ec21f85a104715e667a08f91b2aa4a81
635,585,161680,161682,cfdfdd808638cca4c0c0e33015512c4fe0b416467204194bb46398688d89786b,566ce0c03e8b11ece5bfedccf8dc00a21a292a8fe37bfeb6d153ea6ddb522384
636,586,161956,161958,f058de7f3f624f438d88c05e795618a35466437090dd5bb0ee8087fa42824ee7,591d40c4646e2866dd044add0080f322c6bdb650938aefea85333731ed2fd3a0
637,587,162232,162234,0d0a9d34d85773577ed357a2c9bc9789c8b714095488193af4e1837497cdc7f6,664db85f2f98d8efa259bf38d47e7d463e1a4fac3fc6a55423d9fdcc74c7cd8d
638,588,162508,162510,71077b2a2c3bb0bb5960f87a12c2df6da9dcd72456b3a86d1de35ae6f555cbfb,c778d2f54b8726d549184a18a1e35db001660eb114a337794a10e9faac2fa6a1
639,589,162784,162786,b8695b75851542cfa5835dfa353c255cd90938a97530cf184bb1068ecae57a17,efb03d707d9637db9da8450ace936d4a803968a235e3ebce721abf00fb471402
640,590,163060,163062,0a67099a05d53efac520d794d4cc491852d6c629a9ec056ebedf6bd9dfff5ae0,6f0428f80c9d0bbcdd31d92e5c1144139e853f9139ae01500ab95cafd5b2189e
641,591,163336,163338,546c19de584a5fb6839b3e65f3c8811ef4541475d41233a7016a61e1a4d03a08,4cbb7524c4ee44cdff8c3388b9ff31f8ba876168ee7e6cbc6c52ee2b08e6cc6b
642,592,163612,163614,23a9b39219b1ffee390a5fb1c7b4e47d796528e44683321ed4da4a24aa979770,2c900f1582988d9908bc5e2f91c50877d851f4542239ddbaafa9de33e8ea946d
643,593,163888,163890,a750bd7a650c0bac24082fd24c7de9c2db480fc165540eca93b8705080c4858e,2d616efb9b8aa3c9ed651e33e3b7a28fd120e0c454679d80f7172849204b3d0f
644,594,164164,164166,c0ef86d390289a7be9518b9530c02469ba65f308072e265c0eea4f5a29586334,2f9642adc083525ac0079f01bf6d182ad46f1cade23b711d64965c37693cf71c
645,595,164440,164442,9784f4609967d928baf0fa1c5cd177a87fa37aae027f1bb113ee655585c434b1,6530cb1a6abbd073cba53fb964dedcc64a8eba75547e819ed6a29a692dcf7ff6
646,596,164716,164718,225aa1d6b2da1e2c7461edfa6508ff4d79f4b623fd90f44e24d4d5ecac8d9eb7,03c30a9089a72310cd46812ef436d285d0e6a6f973b8a3043e31093043389c74
647,597,164992,164994,b6083a6bb2209b7f53f1c52875096bf3ca5af1c39cec987eb435f794fd81bf3f,5f6003ae92aeb48b54838439751cc67b423b0866eef56641480b124aa3aaea28
648,598,165268,165270,64651fd4d04a83c0a0204bfc272aa8ac0ff64b47c713fcd6508fbad3e75da443,9396bef99578327212091d2d39fe96de5777e0f5ca1b12ec25052a686b87d602
649,599,165544,165546,3e3305ef955dd852eda90b5aaceaccfe6eefc7345b7e5d859a0b30d9ec798467,07945637af17519df8d9768cb98913db2d0c4fdc54db9be0fbda1cd6db8c55bf
700,600,165820,165822,281a6821d9695eefa46335c86257910091acc313bf2b6e8cc5d8b7b3e977477e,2de094dfd44e5f45151460ccf2efcecf81881b9c44cd3050e1a32933df0b4c0f
701,601,166096,166098,77f3f687f0b51d2d90317b0e5bc6e716eabbf2af118d3fda783fad359563b88e,9e7fe236a92a1afae16a47ae8a1dc27ebcb92dcb8e730f227d17b4ca2a4f80f0
702,602,166372,166374,98828f99a5984ef4a0569e2087514321384e7c71b4edc3eb930b66f758083385,ce575c3bded862d15085364935d20da3fe0bae0bd00b653f05156028f5cfeb66
703,603,166648,166650,1c982a63a3453436e9ed04f534dd97b766fb5a44d67b9683b9a355722c1329ad,f9354c5325ee424ce7ac9155d4552ca2ef41ad07c125c7b57712084d1b74cdae
704,604,166924,166926,3172e706347a10994094e4ac25df70cebe9832661c6e12b6a958581f2b62f2c1,e594255c9d391b9ee21bc6c7685e0d75203c09a6774663f119f67085f4fcab8f
705,605,167200,167202,3d734f37bee36b8aecdfdedd9dfc76fe381251e60e25cc0606b39f6130460d98,e9d0eca19853f3c06029f6f0b532199ba986f262c3508b34facd14d1d1a8e92e
706,606,167476,167478,3f1882bfc39de920a96bbb254bfa7388456001dde637d371b48d7f79812b5cef,0105312f14c0a6254281ef53d0f4b5e43c62af3fd953b0d8cc4ddf4d174c4589
708,608,168028,168030,33efb6f25c1f527dbaf4e6c9caeb03359c9bfd8bf61ef317c745e487ad090ac5,b15ea84c66ff133ad9fbb9929e7f289c0d100b79581cded89fdbe3cb60e2bfc3
709,609,168304,168306,5d651f4cafdae05c97cb49fe1d9c5c76bbefaadf46d2af94c2d1bb2e7efaaf7a,d66b3c5fa4e24dd8a1eeaab294fde49f390cf677138429a6523e9c69876792c0
710,610,168580,168582,f9ffcadc44972891e77432405d82fec8917432f59562635a667e243177c7682e,026eb8c5a2f776de59d61522121aa1abc33ab38be8f964cb88d52c1f103fdbfc
711,611,168856,168858,9f5060d2166c90b6e1c803864dc1d5184bb7bacaf0bbd906ae58cf52ccc23b84,0d2313aa65487cd3ed5f0c8a35aea41323cf7d52ec4663922a55d728848c6382
712,612,169132,169134,215d41a27ecfee5fa541c36394f317b2cfcd14c5bbc991dcf2e9814423bb27df,e58ffdd940fa80e53bd4a5bd7b8d78c5e4d63d26805f34762b39b5b0d3fb958f
713,613,169408,169410,92b2f5a6ec34027a62857a620c93524c78b102d5b958c8d622c8d15a72031c76,b40a2cbf7910e6f819b928f7d114e4d706053d709df27d009c4c15a79363f7e5
714,614,169684,169686,1e6368ca735d0ee708ef6cc9fc19d355b4d33178c5c91acb84efdce66ad01819,1be138addcbae3c1aa6d7149e3563e0eef94b2d75346cc3739f4263c840da7d8
716,616,170236,170238,e1aba946d2a4259db58c874f8d775ab8ca5aaf7b71d982f6dcb0a9d82f86ae71,a17a9b6dcf870a12ccaa8e3ba722c23ac319645536bd0a0b9c4d4534bd9509ee
717,617,170512,170514,595cd80fb70cf08264eacddef7fc1c9b153801d1aef42cd62d1b0a3b1279cd50,050be82a6790b8528334443c3da1c2a7f4519d051dbfc1b24668ca07a5bd074f
718,618,170788,170790,089ba68b30d3fab1326e93b6ddbe55cd895e01b5d35b127ca5dd6e84a40de6a5,bdd98a6dfe8b5448c79b0f36844273009067c62ac930d8b4d1ed14f41c986e39
719,619,171064,171066,9a5a6aa5e5f1283d766c5ca72469c4f76aefcda66e5a2f821234d7f9c4bb78bd,6c2aca5e8bf8109b5a11930869db87ea5668920c5ed2abd2b3647614d61d4e87
721,620,171340,171342,730ea9b0bfbec930f6f278e9ea10e66299610279a38cfe51919bda296a9729e7,4038821a16cd4686dff18f2f59ea51fe31067c3046f579b7e4cf645cc6005a95
