function_offset,tick,module,slot,fingerprint,profile,result,instruction_bytes,different_words,reason
0x4,335,spanish_options,0,eba7355f41a332a37d203d06e52b3c00196aeb406be7e6b1ed2ee39cbd6b87af,gcc_2_8_1_g0_split,matched,68,0,Unchanged accepted local source; independently recovered Spanish bindings and five complete retail image comparisons.
0x48,335,spanish_options,0,3756672eba5b087472785d339af356d01e51ee2a3c286a53ac21042cbec32c81,gcc_2_8_1_g0_split,matched,100,0,Unchanged accepted local source; independently recovered Spanish bindings and five complete retail image comparisons.
0xac,335,spanish_options,0,e47fdf8e3fd142508913e991a1c3b7b97b4b8a5310028e90c6d0c4e4671314c8,gcc_2_8_1_g0_split,matched,84,0,Unchanged accepted local source; independently recovered Spanish bindings and five complete retail image comparisons.
0x6a4,335,spanish_options,0,658011e4a82c33a8709d1f758f59dcde36181d6fcdf37cd9548bad675cc5ac58,gcc_2_8_1_g0_split,matched,8,0,Unchanged accepted local source; independently recovered Spanish bindings and five complete retail image comparisons.
0xd34,335,spanish_options,0,eed1e96ba37640e58d2350d9602d7281311e7676231a827d50876df78a382710,gcc_2_8_1_g0_split,matched,52,0,Unchanged accepted local source; independently recovered Spanish bindings and five complete retail image comparisons.
0xd68,335,spanish_options,0,3ea917ed88e8fdaad5b955b7559cc3fae8e8033e96ca2190815cab942f46445b,gcc_2_8_1_g0_split,matched,180,0,Unchanged accepted local source; independently recovered Spanish bindings and five complete retail image comparisons.
0xe1c,335,spanish_options,0,9e300d2a11d790b14824e132def8f70513dc2304dc4b437a77f2ba138151666d,gcc_2_8_1_g0_split,matched,340,0,Unchanged accepted local source; independently recovered Spanish bindings and five complete retail image comparisons.
0xf70,335,spanish_options,0,13fcb2c33cd9a463d83bb028b2b39086d71ae018f34f4de2e00e72aae77d2d2d,gcc_2_8_1_g0_split,matched,192,0,Unchanged accepted local source; independently recovered Spanish bindings and five complete retail image comparisons.
0x1030,335,spanish_options,0,6c4483e997969425e88476ec229a30d9deb3406ee3eae96073643b6ffe759ade,gcc_2_8_1_g0_split,matched,16,0,Unchanged accepted local source; independently recovered Spanish bindings and five complete retail image comparisons.
0xa4c,339,spanish_options,0,06b870d6a7994b8812fb986192cdf067e737e88f3e8a7364a56653bcb7791727,gcc_2_8_1_g0_split,matched,412,0,Unchanged accepted local input source; independently recovered Spanish bindings; five complete images and real compiler/data owners; signed selector and pointer/callee contracts verified.
0xbe8,339,spanish_options,0,6784e7de9c36e4c0cf3e8038ee53068136ba4595fb798d9d7cb4e568183cb75e,gcc_2_8_1_g0_split,matched,332,0,Unchanged accepted local wave source; five complete images and real table/SDK owners; signed division and all phase residues verified; runtime reachability remains unproven.
0x100,341,spanish_options,0,3ba51d78081000f4b192f47863b735a3ef70b9a68bd74bf95673c67044a7e85b,gcc_2_8_1_g0_split,matched,736,0,Unchanged accepted local renderer; five complete images and genuine owners; target POLY_FT4/palette contracts and exhaustive signed phases verified; no proven runtime reachability.
0x6ac,341,spanish_options,0,9bcba3c9f7944020cc2b97764f415935456fbd40a1fbb71069f498fec08b4c66,gcc_2_8_1_g0_split,matched,928,0,Unchanged accepted local initializer; five complete images and genuine owners; measured capture/resource views and resident caller; full-width modes and signed selections verified.
