module,function_offset,tick,slot,fingerprint,dependency_fingerprint,profile,result,instruction_bytes,different_words,reason
spanish_model_variant_379_stage9_slot0,0x157C,601,0,e32750a486aa665e3bedc673515540e9c10dc0cea087ae1e9fd15d33646ae9f4,,gcc_2_8_1_g0_split,mismatch,2628,587,"The MODEL473 spiral as three passes over 0x84-byte Variant418SpiralArm records with per-arm projection flags, a 1300 angle offset and a 32-byte position per pass; length written spread * 48 * k folds to (k * 48) * spread: 4 bytes short, 587 words differ."
spanish_model_variant_379_stage9_slot0,0x157C,601,0,c03236542f7a8c9ae775633303a39e1c959dbd559f602ae8c03732d668f7bbd1,,gcc_2_8_1_g0_split,mismatch,2628,573,"Declared spread * 48 variable takes an early spill slot: 4 bytes short, 573 words differ."
spanish_model_variant_379_stage9_slot0,0x157C,601,0,211821f65ac25a298a00a15e96d5e195d8681cbf6ce62f75e319dd3e40b943b8,,gcc_2_8_1_g0_split,mismatch,2616,403,"Length (k * 48) * spread lets the loop hoist spread * 48; k == 1 branch still uses constant indices: 16 bytes short, 403 words differ."
spanish_model_variant_379_stage9_slot0,0x157C,601,0,b8e957645980939d393bc09917db731cede5f804ea51a01898e6fb9543e9bc03,,gcc_2_8_1_g0_split,mismatch,2632,29,"k == 1 branch indexed with [k] like the k == 0 branch; operand order and colour registers differ: correct length, 29 words differ."
spanish_model_variant_379_stage9_slot0,0x157C,601,0,ba5d9a9a32355089d2b60055b5e2791225562cce68de08631f8d148cfc5e0e58,,gcc_2_8_1_g0_split,mismatch,2632,1,"Angle offset added first and the 0xC0 colour assigned before 0x80; work + n * 32 operand order differs: correct length, 1 words differ."
spanish_model_variant_379_stage9_slot0,0x157C,601,0,c332056c398e66c3e22f9ee4e22f757036f542474c2408a70334615b32c5d7e9,,gcc_2_8_1_g0_split,mismatch,2636,438,"Positions read as a MATRIX array translation: 4 bytes long, 438 words differ."
spanish_model_variant_379_stage9_slot0,0x157C,601,0,5f390d7b8318335212f672d8db76a0d9e326efca8493233608f8c80634082177,,gcc_2_8_1_g0_split,mismatch,2640,647,"Positions read through the context parameter: 8 bytes long, 647 words differ."
spanish_model_variant_379_stage9_slot0,0x157C,601,0,3440549b6731a8000b911ce7da8b126211c099b432819562c8829f0365c2a38b,,gcc_2_8_1_g0_split,mismatch,2636,440,"Positions read as a VECTOR array: 4 bytes long, 440 words differ."
spanish_model_variant_379_stage9_slot0,0x157C,601,0,fbaf5a86b0ca5f93f08adf57e46650bac1dc2025a2cbeb7ea88294452c81a4fa,,gcc_2_8_1_g0_split,matched,2632,0,Positions read through a pass record pointer work + n * 32: exact.
spanish_model_variant_379_stage10_slot1,0x157C,601,1,9aa61ce018825d6775a16a50c2ab15dac3c6cd5e0d8ded10d59445b4d4f88dce,fbaf5a86b0ca5f93f08adf57e46650bac1dc2025a2cbeb7ea88294452c81a4fa,gcc_2_8_1_g0_split,matched,2632,0,Independent second-slot compilation; dependency fingerprint is the included exact scratch source: exact.
spanish_model_variant_379_stage9_slot0,0x157C,601,0,cebfa2953a35c0170942444816b64e0c777797fe6ba22081d8609e295deac46e,1d2233415c4a9a61f5fcabfdcdf06963b0cc3f2adfc76ba9a72ce92925cfb2a0,gcc_2_8_1_g0_split,matched,2632,0,"Complete 20480-byte image exact with the spiral C. Dependency hashes body C, the shared spiral header, the shared model-variant header, then gpu_packets.h."
spanish_model_variant_379_stage10_slot1,0x157C,601,1,599273e8a8d725a37cf8f3c3e9ffe2037c4a1fd8ac9b4e53425d1c3cee8daff2,1d2233415c4a9a61f5fcabfdcdf06963b0cc3f2adfc76ba9a72ce92925cfb2a0,gcc_2_8_1_g0_split,matched,2632,0,"Complete 20480-byte image exact with the spiral C. Dependency hashes body C, the shared spiral header, the shared model-variant header, then gpu_packets.h."
