id,name,type,attribute,level,guardian_star_1,guardian_star_2,attack,defense,password,starchip_cost
1,Blue-eyes White Dragon,Dragon,Light,8,Sun,Mars,3000,2500,89631139,999999
2,Mystical Elf,Spellcaster,Light,4,Sun,Jupiter,800,2000,15025844,160
3,Hitotsu-me Giant,Beast-Warrior,Earth,4,Moon,Mars,1200,1000,76184692,70
4,Baby Dragon,Dragon,Wind,3,Uranus,Sun,1200,700,88819587,999999
5,Ryu-kishin,Fiend,Dark,3,Saturn,Sun,1000,500,15303296,30
6,Feral Imp,Fiend,Dark,4,Moon,Jupiter,1300,1400,41392891,140
7,Winged Dragon #1,Dragon,Wind,4,Saturn,Moon,1400,1200,87796900,999999
8,Mushroom Man,Plant,Earth,2,Jupiter,Sun,800,600,14181608,30
9,Shadow Specter,Zombie,Dark,1,Moon,Saturn,500,200,40575313,15
10,Blackland Fire Dragon,Dragon,Dark,4,Mercury,Moon,1500,800,87564352,80
11,Sword Arm of Dragon,Dinosaur,Earth,6,Uranus,Moon,1750,2030,13069066,1000
12,Swamp Battleguard,Warrior,Earth,5,Mercury,Mars,1800,1500,40453765,290
13,Tyhone,Winged Beast,Wind,4,Saturn,Venus,1200,1400,72842870,120
14,Battle Steer,Beast-Warrior,Earth,5,Moon,Uranus,1800,1300,18246479,230
15,Flame Swordsman,Warrior,Fire,5,Mars,Sun,1800,1600,45231177,320
16,Time Wizard,Spellcaster,Light,2,Venus,Sun,500,400,71625222,999999
17,Right Leg of the Forbidden One,Spellcaster,Dark,1,Mercury,Jupiter,200,300,08124921,999999
18,Left Leg of the Forbidden One,Spellcaster,Dark,1,Mercury,Saturn,200,300,44519536,999999
19,Right Arm of the Forbidden One,Spellcaster,Dark,1,Mercury,Uranus,200,300,70903634,999999
20,Left Arm of the Forbidden One,Spellcaster,Dark,1,Mercury,Pluto,200,300,07902349,999999
21,Exodia the Forbidden,Spellcaster,Dark,3,Mercury,Neptune,1000,1000,33396948,999999
22,Summoned Skull,Fiend,Dark,6,Moon,Pluto,2500,1200,70781052,999999
23,The Wicked Worm Beast,Beast,Earth,3,Uranus,Venus,1400,700,06285791,60
24,Skull Servant,Zombie,Dark,1,Moon,Neptune,300,200,32274490,10
25,Horn Imp,Fiend,Dark,4,Moon,Mercury,1300,1000,69669405,80
26,Battle Ox,Beast-Warrior,Earth,4,Jupiter,Moon,1700,1000,05053103,999999
27,Beaver Warrior,Beast-Warrior,Earth,4,Jupiter,Venus,1200,1500,32452818,140
28,Rock Ogre Grotto #1,Rock,Earth,3,Uranus,Mercury,800,1200,68846917,999999
29,Mountain Warrior,Beast-Warrior,Earth,3,Uranus,Mars,600,1000,04931562,35
30,Zombie Warrior,Zombie,Dark,3,Moon,Mars,1200,900,31339260,60
31,Koumori Dragon,Dragon,Dark,4,Moon,Jupiter,1500,1200,67724379,140
32,Two-headed King Rex,Dinosaur,Earth,4,Uranus,Neptune,1600,1200,94119974,160
33,Judge Man,Warrior,Earth,6,Sun,Saturn,2200,1500,30113682,1000
34,Saggi the Dark Clown,Spellcaster,Dark,3,Mercury,Moon,600,1500,66602787,60
35,Dark Magician,Spellcaster,Dark,7,Mercury,Mars,2500,2100,46986414,999999
36,The Snake Hair,Zombie,Dark,4,Moon,Saturn,1500,1200,29491031,140
37,Gaia the Dragon Champion,Dragon,Wind,7,Saturn,Mercury,2600,2100,66889139,999999
38,Gaia the Fierce Knight,Warrior,Earth,7,Mercury,Jupiter,2300,2100,06368038,999999
39,Curse of Dragon,Dragon,Dark,5,Saturn,Pluto,2000,1500,28279543,999999
40,Dragon Piper,Pyro,Fire,3,Mars,Moon,200,1800,55763552,55
41,Celtic Guardian,Warrior,Earth,4,Sun,Uranus,1400,1200,91152256,120
42,Illusionist Faceless Mage,Spellcaster,Dark,5,Venus,Mars,1200,2200,28546905,320
43,Karbonala Warrior,Warrior,Earth,4,Uranus,Jupiter,1500,1200,54541900,140
44,Rogue Doll,Spellcaster,Light,4,Sun,Pluto,1600,1000,91939608,120
45,Oscillo Hero #2,Thunder,Light,3,Pluto,Sun,1000,500,27324313,30
46,Griffore,Beast,Earth,4,Jupiter,Mercury,1200,1500,53829412,140
47,Torike,Beast,Earth,3,Uranus,Sun,1200,600,80813021,45
48,Sangan,Fiend,Dark,3,Moon,Uranus,1000,600,26202165,35
49,Big Insect,Insect,Earth,4,Jupiter,Uranus,1200,1500,53606874,140
50,Basic Insect,Insect,Earth,2,Jupiter,Pluto,500,700,89091579,25
51,Armored Lizard,Reptile,Earth,4,Neptune,Sun,1500,1200,15480588,999999
52,Hercules Beetle,Insect,Earth,5,Jupiter,Neptune,1500,2000,52584282,999999
53,Killer Needle,Insect,Wind,4,Jupiter,Sun,1200,1000,88979991,70
54,Gokibore,Insect,Earth,4,Jupiter,Moon,1200,1400,15367030,999999
55,Giant Flea,Insect,Earth,4,Jupiter,Venus,1500,1200,41762634,140
56,Larvae Moth,Insect,Earth,2,Jupiter,Mercury,500,400,87756343,999999
57,Great Moth,Insect,Earth,8,Jupiter,Uranus,2600,2500,14141448,999999
58,Kuriboh,Fiend,Dark,1,Mercury,Saturn,300,200,40640057,10
59,Mammoth Graveyard,Dinosaur,Earth,3,Mercury,Pluto,1200,800,40374923,55
60,Great White,Fish,Water,4,Neptune,Moon,1600,800,13429800,999999
61,Wolf,Beast,Earth,3,Jupiter,Pluto,1200,800,49417509,55
62,Harpie Lady,Winged Beast,Wind,4,Saturn,Neptune,1300,1400,76812113,999999
63,Harpie Lady Sisters,Winged Beast,Wind,6,Saturn,Mars,1950,2100,12206212,999999
64,Tiger Axe,Beast-Warrior,Earth,4,Jupiter,Neptune,1300,1100,49791927,999999
65,Silver Fang,Beast,Earth,3,Jupiter,Sun,1200,800,90357090,55
66,Kojikocy,Warrior,Earth,4,Uranus,Moon,1500,1200,01184620,140
67,Perfectly Ultimate Great Moth,Insect,Earth,8,Jupiter,Moon,3500,3000,48579379,999999
68,Garoozis,Beast-Warrior,Fire,5,Mars,Venus,1800,1500,14977074,290
69,Thousand Dragon,Dragon,Wind,7,Mars,Mercury,2400,2000,41462083,999999
70,Fiend Kraken,Aqua,Water,4,Neptune,Venus,1200,1400,77456781,120
71,Jellyfish,Aqua,Water,4,Neptune,Mercury,1200,1500,14851496,140
72,Cocoon of Evolution,Insect,Earth,3,Jupiter,Venus,0,2000,40240595,999999
73,Kairyu-shin,Sea Serpent,Water,5,Neptune,Mars,1800,1500,76634149,290
74,Giant Soldier of Stone,Rock,Earth,3,Uranus,Venus,1300,2000,13039848,290
75,Man-eating Plant,Plant,Earth,2,Mercury,Jupiter,800,600,49127943,30
76,Krokodilus,Reptile,Water,4,Neptune,Jupiter,1100,1200,76512652,80
77,Grappler,Reptile,Water,4,Neptune,Saturn,1300,1200,02906250,100
78,Axe Raider,Warrior,Earth,4,Uranus,Mercury,1700,1150,48305365,160
79,Megazowler,Dinosaur,Earth,6,Uranus,Neptune,1800,2000,75390004,500
80,Uraby,Dinosaur,Earth,4,Uranus,Mars,1500,800,01784619,80
81,Crawling Dragon #2,Dinosaur,Earth,4,Moon,Pluto,1600,1200,38289717,160
82,Red-eyes B. Dragon,Dragon,Dark,7,Moon,Neptune,2400,2000,74677422,999999
83,Castle of Dark Illusions,Fiend,Dark,4,Mercury,Uranus,920,1930,00062121,160
84,Reaper of the Cards,Fiend,Dark,5,Moon,Pluto,1380,1930,33066139,290
85,King of Yamimakai,Fiend,Dark,5,Moon,Pluto,2000,1530,69455834,350
86,Barox,Fiend,Dark,5,Jupiter,Mercury,1380,1530,06840573,180
87,Dark Chimera,Fiend,Dark,5,Mercury,Neptune,1610,1460,32344688,200
88,Metal Guardian,Fiend,Dark,5,Moon,Mercury,1150,2150,68339286,290
89,Catapult Turtle,Aqua,Water,5,Neptune,Sun,1000,2000,95727991,200
90,Gyakutenno Megami,Fairy,Light,6,Sun,Neptune,1800,2000,31122090,500
91,Mystic Horseman,Beast,Earth,4,Jupiter,Uranus,1300,1550,68516705,999999
92,Rabid Horseman,Beast-Warrior,Earth,6,Jupiter,Pluto,2000,1700,94905343,999999
93,Zanki,Warrior,Earth,5,Uranus,Jupiter,1500,1700,30090452,260
94,Crawling Dragon,Dragon,Earth,5,Uranus,Sun,1600,1400,67494157,200
95,Crass Clown,Fiend,Dark,4,Venus,Jupiter,1350,1400,93889755,140
96,Armored Zombie,Zombie,Dark,3,Moon,Pluto,1500,0,20277860,260
97,Dragon Zombie,Zombie,Dark,3,Moon,Pluto,1600,0,66672569,200
98,Clown Zombie,Zombie,Dark,2,Moon,Pluto,1350,0,92667214,140
99,Pumpking the King of Ghosts,Zombie,Dark,6,Jupiter,Neptune,1800,2000,29155212,500
100,Battle Warrior,Warrior,Earth,3,Uranus,Moon,700,1000,55550921,40
101,Wings of Wicked Flame,Pyro,Fire,2,Mars,Saturn,700,600,92944626,30
102,Mask of Darkness,Fiend,Dark,2,Mercury,Moon,900,400,28933734,30
103,Job-change Mirror,Fiend,Dark,3,Mercury,Mars,800,1300,55337339,999999
104,Curtain of the Dark Ones,Spellcaster,Dark,2,Mercury,Jupiter,600,500,22026707,25
105,Tomozaurus,Dinosaur,Earth,2,Uranus,Venus,500,400,46457856,20
106,Spirit of the Winds,Spellcaster,Wind,5,Saturn,Sun,1700,1400,54615781,230
107,Kageningen,Warrior,Dark,2,Moon,Mars,800,600,80600490,30
108,Graveyard and the Hand of Invitation,Zombie,Dark,3,Moon,Pluto,700,900,27094595,35
109,Goddess with the Third Eye,Fairy,Light,4,Sun,Venus,1200,1000,53493204,70
110,Hero of the East,Warrior,Earth,3,Uranus,Mercury,1100,1000,89987208,60
111,Doma The Angel of Silence,Fairy,Dark,5,Mercury,Saturn,1600,1400,16972957,200
112,That Which Feeds on Life,Fiend,Dark,4,Mercury,Uranus,1200,1000,52367652,70
113,Dark Gray,Beast,Earth,3,Jupiter,Moon,800,900,09159938,40
114,White Magical Hat,Spellcaster,Light,3,Sun,Mars,1000,700,15150365,40
115,Kamion Wizard,Spellcaster,Dark,4,Mercury,Pluto,1300,1100,41544074,120
116,Nightmare Scorpion,Insect,Earth,3,Uranus,Neptune,900,800,88643173,40
117,Spirit of the Books,Winged Beast,Wind,4,Saturn,Moon,1400,1200,14037717,120
118,Supporter in the Shadows,Warrior,Earth,3,Jupiter,Venus,1000,1000,41422426,55
119,Trial of Nightmares,Fiend,Dark,4,Moon,Pluto,1300,900,77827521,70
120,Dream Clown,Warrior,Earth,3,Venus,Saturn,1200,900,13215230,60
121,Sleeping Lion,Beast,Earth,4,Jupiter,Sun,700,1700,40200834,120
122,Yamatano Dragon Scroll,Dragon,Wind,2,Saturn,Venus,900,300,76704943,25
123,Dark Plant,Plant,Dark,1,Moon,Jupiter,300,400,13193642,15
124,Ancient Tool,Machine,Dark,5,Moon,Saturn,1700,1400,49587396,230
125,Faith Bird,Winged Beast,Wind,4,Sun,Jupiter,1500,1100,75582395,120
126,Orion the Battle King,Fairy,Light,5,Sun,Saturn,1800,1500,02971090,290
127,Ansatsu,Warrior,Earth,5,Mercury,Neptune,1700,1200,48365709,180
128,LaMoon,Spellcaster,Light,5,Sun,Uranus,1200,1700,75850803,180
129,Nemuriko,Spellcaster,Dark,3,Mercury,Moon,800,700,90963488,30
130,Weather Control,Fairy,Light,2,Sun,Pluto,600,400,37243151,20
131,Octoberser,Aqua,Water,5,Neptune,Moon,1600,1400,74637266,200
132,The 13th Grave,Zombie,Dark,3,Moon,Pluto,1200,900,00032864,60
133,Charubin the Fire Knight,Pyro,Fire,3,Mars,Uranus,1100,800,37421579,50
134,Mystical Capture Chain,Fairy,Light,2,Sun,Neptune,700,700,63515678,30
135,Fiend's Hand,Zombie,Dark,2,Moon,Pluto,600,600,52800428,25
136,Witty Phantom,Fiend,Dark,4,Mercury,Mars,1400,1300,36304921,140
137,Mystery Hand,Fiend,Dark,2,Moon,Uranus,500,500,62793020,20
138,Dragon Statue,Warrior,Earth,3,Uranus,Mars,1100,900,09197735,55
139,Blue-eyed Silver Zombie,Zombie,Dark,3,Sun,Pluto,900,700,35282433,35
140,Toad Master,Aqua,Water,3,Neptune,Venus,1000,1000,62671448,55
141,Spiked Snail,Insect,Dark,3,Moon,Jupiter,700,1300,98075147,55
142,Flame Manipulator,Spellcaster,Fire,3,Mars,Pluto,900,1000,34460851,50
143,Necrolancer the Timelord,Spellcaster,Dark,3,Venus,Uranus,800,900,61454890,40
144,Djinn the Watcher of the Wind,Spellcaster,Wind,3,Saturn,Mercury,700,900,97843505,35
145,The Bewitching Phantom Thief,Spellcaster,Dark,2,Venus,Pluto,700,700,24348204,30
146,Temple of Skulls,Zombie,Dark,4,Mercury,Pluto,900,1300,00732302,70
147,Monster Egg,Warrior,Earth,3,Uranus,Jupiter,600,900,36121917,999999
148,The Shadow Who Controls the Dark,Fiend,Dark,3,Mercury,Jupiter,800,700,63125616,30
149,Lord of the Lamp,Fiend,Dark,4,Mercury,Saturn,1400,1200,99510761,120
150,Akihiron,Aqua,Water,5,Neptune,Jupiter,1700,1400,36904469,230
151,Rhaimundos of the Red Sword,Warrior,Earth,4,Neptune,Mars,1200,1300,62403074,100
152,The Melting Red Shadow,Aqua,Water,2,Moon,Neptune,500,700,98898173,25
153,Dokuroizo the Grim Reaper,Zombie,Dark,3,Moon,Pluto,900,1200,25882881,60
154,Fire Reaper,Zombie,Dark,2,Mars,Sun,700,500,53581214,25
155,Larvas,Beast,Earth,3,Jupiter,Mercury,800,1000,94675535,45
156,Hard Armor,Warrior,Earth,3,Uranus,Sun,300,1200,20060230,30
157,Firegrass,Plant,Earth,2,Mars,Moon,700,600,53293545,30
158,Man Eater,Plant,Earth,2,Jupiter,Uranus,800,600,93553943,30
159,Dig Beak,Beast,Earth,2,Jupiter,Pluto,500,800,29948642,30
160,M-warrior #1,Warrior,Earth,3,Uranus,Moon,1000,500,56342351,30
161,M-warrior #2,Warrior,Earth,3,Uranus,Venus,500,1000,92731455,30
162,Tainted Wisdom,Fiend,Dark,3,Moon,Mercury,1250,800,28725004,55
163,Lisark,Beast,Earth,4,Saturn,Pluto,1300,1300,55210709,120
164,Lord of Zemia,Fiend,Dark,4,Mercury,Uranus,1300,1000,81618817,80
165,The Judgement Hand,Warrior,Earth,3,Sun,Venus,1400,700,28003512,60
166,Mysterious Puppeteer,Warrior,Earth,4,Uranus,Mercury,1000,1500,54098121,100
167,Ancient Jar,Rock,Earth,1,Uranus,Neptune,400,200,81492226,15
168,Darkfire Dragon,Dragon,Dark,4,Mars,Venus,1500,1250,17881964,140
169,Dark King of the Abyss,Fiend,Dark,3,Mercury,Pluto,1200,800,53375573,55
170,Spirit of the Harp,Fairy,Light,4,Sun,Mars,800,2000,80770678,160
171,Big Eye,Fiend,Dark,4,Venus,Neptune,1200,1000,16768387,70
172,Armaill,Warrior,Earth,3,Mars,Mercury,700,1300,53153481,55
173,Dark Prisoner,Fiend,Dark,3,Mercury,Neptune,600,1000,89558090,35
174,Hurricail,Spellcaster,Wind,2,Saturn,Neptune,900,200,15042735,25
175,Ancient Brain,Fiend,Dark,3,Mercury,Moon,1000,700,42431843,40
176,Fire Eye,Pyro,Fire,2,Mars,Saturn,800,600,88435542,30
177,Monsturtle,Aqua,Water,3,Neptune,Mercury,800,1000,15820147,45
178,Claw Reacher,Fiend,Dark,3,Mercury,Mars,1000,800,41218256,45
179,Phantom Dewan,Spellcaster,Dark,2,Mercury,Jupiter,700,600,77603950,30
180,Arlownay,Plant,Earth,3,Jupiter,Neptune,800,1000,14708569,45
181,Dark Shade,Fiend,Wind,3,Saturn,Mars,1000,1000,40196604,55
182,Masked Clown,Warrior,Dark,2,Mercury,Saturn,500,700,77581312,25
183,Lucky Trinket,Spellcaster,Light,2,Sun,Jupiter,600,800,03985011,30
184,Genin,Spellcaster,Light,3,Venus,Sun,600,900,49370026,30
185,Eyearmor,Warrior,Earth,2,Uranus,Mars,600,500,64511793,25
186,Fiend Refrection #2,Winged Beast,Light,4,Venus,Mars,1100,1400,02863439,100
187,Gate Deeg,Beast,Dark,3,Moon,Mars,700,800,49258578,30
188,Synchar,Beast,Earth,3,Jupiter,Sun,800,900,75646173,40
189,Fusionist,Beast,Earth,3,Jupiter,Moon,900,700,01641882,35
190,Akakieisu,Spellcaster,Dark,3,Mercury,Uranus,1000,800,38035986,45
191,LaLa Li-oon,Thunder,Wind,2,Pluto,Moon,600,600,09430387,25
192,Key Mace,Fairy,Light,1,Sun,Saturn,400,300,01929294,15
193,Turtle Tiger,Aqua,Water,4,Neptune,Saturn,1000,1500,37313348,100
194,Terra the Terrible,Fiend,Dark,4,Moon,Jupiter,1200,1300,63308047,100
195,Doron,Warrior,Earth,2,Neptune,Moon,900,500,00756652,30
196,Arma Knight,Aqua,Water,4,Neptune,Venus,1000,1200,36151751,70
197,Mech Mole Zombie,Zombie,Dark,2,Moon,Saturn,500,400,63545455,20
198,Happy Lover,Fairy,Light,2,Sun,Uranus,800,500,99030164,30
199,Penguin Knight,Aqua,Water,3,Uranus,Mercury,900,800,36039163,40
200,Petit Dragon,Dragon,Wind,2,Saturn,Sun,600,700,75356564,30
201,Frenzied Panda,Beast,Earth,4,Jupiter,Venus,1200,1000,98818516,70
202,Air Marmot of Nefariousness,Beast,Earth,2,Moon,Uranus,400,600,75889523,20
203,Phantom Ghost,Zombie,Dark,2,Moon,Pluto,600,800,61201220,30
204,Mabarrel,Fiend,Dark,5,Moon,Neptune,1700,1400,98795934,230
205,Dorover,Aqua,Water,3,Neptune,Sun,900,800,24194033,40
206,Twin Long Rods #1,Aqua,Water,3,Moon,Mercury,900,700,60589682,35
207,Droll Bird,Winged Beast,Wind,2,Saturn,Moon,600,500,97973387,25
208,Petit Angel,Fairy,Light,3,Sun,Pluto,600,900,38142739,30
209,Winged Cleaver,Insect,Earth,2,Jupiter,Mercury,700,700,39175982,30
210,Hinotama Soul,Pyro,Fire,2,Mars,Uranus,600,500,96851799,25
211,Kaminarikozou,Thunder,Wind,2,Pluto,Venus,700,600,15510988,30
212,Meotoko,Beast,Earth,2,Moon,Mars,700,600,53832650,30
213,Aqua Madoor,Spellcaster,Water,4,Neptune,Mercury,1200,2000,85639257,260
214,Kagemusha of the Blue Flame,Warrior,Earth,2,Mars,Sun,800,400,15401633,25
215,Flame Ghost,Zombie,Dark,3,Mars,Pluto,1000,800,58528964,45
216,Dryad,Spellcaster,Earth,4,Jupiter,Uranus,1200,1400,84916669,120
217,B. Skull Dragon,Dragon,Dark,9,Moon,Jupiter,3200,2500,11901678,999999
218,Two-mouth Darkruler,Dinosaur,Earth,3,Moon,Saturn,900,700,57305373,35
219,Solitude,Beast-Warrior,Earth,3,Moon,Uranus,1050,1000,84794011,55
220,Masked Sorcerer,Spellcaster,Dark,4,Mercury,Neptune,900,1400,10189126,80
221,Kumootoko,Insect,Earth,3,Jupiter,Pluto,700,1400,56283725,60
222,Midnight Fiend,Fiend,Dark,2,Moon,Neptune,800,600,83678433,30
223,Roaring Ocean Snake,Aqua,Water,6,Neptune,Mars,2100,1800,19066538,550
224,Trap Master,Warrior,Earth,3,Mercury,Moon,500,1100,46461247,35
225,Fiend Sword,Warrior,Dark,4,Moon,Mercury,1400,800,22855882,70
226,Skull Stalker,Warrior,Dark,3,Moon,Mars,900,800,54844990,40
227,Hitodenchak,Aqua,Water,2,Neptune,Mars,600,700,46718686,30
228,Wood Remains,Zombie,Dark,3,Jupiter,Neptune,1000,900,17733394,50
229,Hourglass of Life,Fairy,Light,2,Sun,Neptune,700,600,08783685,30
230,Rare Fish,Fish,Water,4,Neptune,Jupiter,1500,1200,80516007,140
231,Wood Clown,Warrior,Earth,3,Mercury,Mars,800,1200,17511156,55
232,Madjinn Gunn,Fiend,Dark,2,Moon,Jupiter,600,800,43905751,30
233,Dark Titan of Terror,Fiend,Dark,4,Mercury,Jupiter,1300,1100,89494469,120
234,Beautiful Headhuntress,Warrior,Earth,4,Mercury,Saturn,1600,800,16899564,120
235,Wodan the Resident of the Forest,Warrior,Earth,3,Jupiter,Sun,900,1200,42883273,999999
236,Guardian of the Labyrinth,Warrior,Earth,4,Pluto,Mercury,1000,1200,89272878,70
237,Haniwa,Rock,Earth,2,Uranus,Jupiter,500,500,84285623,20
238,Yashinoki,Plant,Earth,2,Jupiter,Moon,800,600,41061625,30
239,Vishwar Randi,Warrior,Dark,3,Mercury,Uranus,900,700,78556320,35
240,The Drdek,Fiend,Dark,3,Moon,Saturn,700,800,08944575,30
241,Dark Assailant,Zombie,Dark,4,Moon,Uranus,1200,1200,41949033,120
242,Candle of Fate,Fiend,Dark,2,Mars,Moon,600,600,47695416,25
243,Water Element,Aqua,Water,3,Neptune,Saturn,900,700,03732747,35
244,Dissolverock,Rock,Earth,3,Mars,Venus,900,1000,40826495,50
245,Meda Bat,Fiend,Dark,2,Moon,Neptune,800,400,76211194,25
246,One Who Hunts Souls,Beast-Warrior,Earth,4,Moon,Mercury,1100,1000,03606209,60
247,Root Water,Fish,Water,3,Neptune,Sun,900,800,39004808,40
248,Master & Expert,Beast,Earth,4,Jupiter,Venus,1200,1000,75499502,70
249,Water Omotics,Aqua,Water,4,Neptune,Moon,1400,1200,02483611,120
250,Hyo,Warrior,Water,3,Neptune,Mercury,800,1200,38982356,55
251,Enchanting Mermaid,Fish,Water,3,Neptune,Venus,1200,900,75376965,60
252,Nekogal #1,Beast,Earth,3,Jupiter,Mercury,1100,900,01761063,999999
253,Angelwitch,Spellcaster,Dark,3,Mercury,Neptune,800,1000,37160778,45
254,Embryonic Beast,Fiend,Dark,2,Moon,Mars,500,750,64154377,25
255,Prevent Rat,Beast,Earth,4,Jupiter,Uranus,500,2000,00549481,100
256,Dimensional Warrior,Warrior,Earth,4,Venus,Mars,1200,1000,37043180,70
257,Stone Armadiller,Rock,Earth,3,Uranus,Sun,800,1200,63432835,55
258,Beastking of the Swamps,Aqua,Water,4,Uranus,Mercury,1000,1100,99426834,60
259,Ancient Sorcerer,Spellcaster,Dark,4,Mercury,Moon,1000,1300,36821538,80
260,Lunar Queen Elzaim,Fairy,Light,3,Moon,Venus,750,1100,62210247,45
261,Wicked Mirror,Fiend,Dark,2,Venus,Jupiter,700,600,15150371,30
262,The Little Swordsman of Aile,Warrior,Water,3,Neptune,Mars,800,1300,25109950,60
263,Rock Ogre Grotto #2,Rock,Earth,3,Uranus,Sun,700,1400,62193699,60
264,Wing Egg Elf,Fairy,Light,3,Sun,Mars,500,1300,98582704,45
265,The Furious Sea King,Aqua,Water,3,Neptune,Jupiter,800,700,18710707,30
266,Princess of Tsurugi,Warrior,Wind,3,Saturn,Venus,900,700,51371017,35
267,Unknown Warrior of Fiend,Warrior,Dark,3,Mercury,Mars,1000,500,97360116,30
268,Sectarian of Secrets,Spellcaster,Dark,2,Mercury,Jupiter,700,500,15507080,25
269,Versago the Destroyer,Fiend,Dark,3,Mercury,Saturn,1100,900,50259460,55
270,Wetha,Aqua,Water,3,Neptune,Saturn,1000,900,96643568,50
271,Megirus Light,Fiend,Dark,3,Mercury,Uranus,900,600,23032273,30
272,Mavelus,Winged Beast,Wind,4,Mars,Mercury,1300,900,59036972,70
273,Ancient Tree of Enlightenment,Plant,Earth,3,Jupiter,Pluto,600,1500,86421986,60
274,Green Phantom King,Plant,Earth,3,Jupiter,Neptune,500,1600,22910685,60
275,Ground Attacker Bugroth,Machine,Earth,4,Uranus,Moon,1500,1000,58314394,100
276,Ray & Temperature,Fairy,Light,3,Sun,Saturn,1000,1000,85309439,55
277,Gorgon Egg,Fiend,Dark,3,Moon,Jupiter,300,1300,11793047,35
278,Petit Moth,Insect,Earth,1,Jupiter,Sun,300,200,58192742,10
279,King Fog,Fiend,Dark,3,Mercury,Neptune,1000,900,84686841,50
280,Protector of the Throne,Warrior,Earth,4,Uranus,Venus,800,1500,10071456,80
281,Mystic Clown,Fiend,Dark,4,Mercury,Moon,1500,1000,47060154,100
282,Mystical Sheep #2,Beast,Earth,3,Venus,Saturn,800,1000,83464209,45
283,Holograh,Machine,Earth,3,Sun,Jupiter,1100,700,10859908,45
284,Tao the Chanter,Spellcaster,Earth,3,Venus,Uranus,1200,900,46247516,999999
285,Serpent Marauder,Reptile,Earth,2,Neptune,Sun,700,600,82742611,30
286,Gatekeeper,Machine,Dark,5,Mercury,Mars,1500,1800,19737320,290
287,Ogre of the Black Shadow,Beast-Warrior,Earth,4,Moon,Saturn,1200,1400,45121025,120
288,Dark Artist,Fiend,Dark,3,Mercury,Jupiter,600,1400,72520073,999999
289,Change Slime,Aqua,Water,1,Neptune,Moon,400,300,18914778,15
290,Moon Envoy,Warrior,Light,4,Moon,Saturn,1100,1000,45909477,60
291,Fireyarou,Pyro,Fire,4,Mars,Saturn,1300,1000,71407486,80
292,Psychic Kappa,Aqua,Water,2,Neptune,Venus,400,1000,07892180,30
293,Masaki the Legendary Swordsman,Warrior,Earth,4,Sun,Uranus,1100,1100,44287299,70
294,Dragoness the Wicked Knight,Warrior,Wind,3,Saturn,Mercury,1200,900,70681994,60
295,Bio Plant,Fiend,Dark,3,Jupiter,Moon,600,1300,07670542,50
296,One-eyed Shield Dragon,Dragon,Wind,3,Saturn,Pluto,700,1300,33064647,55
297,Cyber Soldier of Darkworld,Machine,Dark,4,Moon,Uranus,1400,1200,75559356,120
298,Wicked Dragon with the Ersatz Head,Dragon,Wind,3,Moon,Neptune,900,900,02957055,45
299,Sonic Maid,Warrior,Earth,3,Sun,Pluto,1200,900,38942059,999999
300,Kurama,Winged Beast,Wind,3,Saturn,Neptune,800,800,85705804,35
301,Legendary Sword,Equip,,0,,,0,0,61854111,800
302,Sword of Dark Destruction,Equip,,0,,,0,0,37120512,800
303,Dark Energy,Equip,,0,,,0,0,04614116,800
304,Axe of Despair,Equip,,0,,,0,0,40619825,800
305,Laser Cannon Armor,Equip,,0,,,0,0,77007920,800
306,Insect Armor with Laser Cannon,Equip,,0,,,0,0,03492538,800
307,Elf's Light,Equip,,0,,,0,0,39897277,800
308,Beast Fangs,Equip,,0,,,0,0,46009906,800
309,Steel Shell,Equip,,0,,,0,0,02370081,800
310,Vile Germs,Equip,,0,,,0,0,39774685,800
311,Black Pendant,Equip,,0,,,0,0,65169794,800
312,Silver Bow and Arrow,Equip,,0,,,0,0,01557499,800
313,Horn of Light,Equip,,0,,,0,0,38552107,800
314,Horn of the Unicorn,Equip,,0,,,0,0,64047146,800
315,Dragon Treasure,Equip,,0,,,0,0,01435851,800
316,Electro-whip,Equip,,0,,,0,0,37820550,800
317,Cyber Shield,Equip,,0,,,0,0,63224564,800
318,Elegant Egotist,Equip,,0,,,0,0,90219263,999999
319,Mystical Moon,Equip,,0,,,0,0,36607978,800
320,Stop Defense,Magic,,0,,,0,0,63102017,800
321,Malevolent Nuzzler,Equip,,0,,,0,0,99597615,800
322,Violet Crystal,Equip,,0,,,0,0,15052462,800
323,Book of Secret Arts,Equip,,0,,,0,0,91595718,800
324,Invigoration,Equip,,0,,,0,0,98374133,800
325,Machine Conversion Factory,Equip,,0,,,0,0,25769732,999999
326,Raise Body Heat,Equip,,0,,,0,0,51267887,800
327,Follow Wind,Equip,,0,,,0,0,98252586,800
328,Power of Kaishin,Equip,,0,,,0,0,77027445,800
329,Dragon Capture Jar,Magic,,0,,,0,0,50045299,999999
330,Forest,Magic,,0,,,0,0,87430998,55
331,Wasteland,Magic,,0,,,0,0,23424603,55
332,Mountain,Magic,,0,,,0,0,50913601,55
333,Sogen,Magic,,0,,,0,0,86318356,55
334,Umi,Magic,,0,,,0,0,22702055,55
335,Yami,Magic,,0,,,0,0,59197169,55
336,Dark Hole,Magic,,0,,,0,0,53129443,20000
337,Raigeki,Magic,,0,,,0,0,12580477,999999
338,Mooyan Curry,Magic,,0,,,0,0,58074572,999999
339,Red Medicine,Magic,,0,,,0,0,38199696,55
340,Goblin's Secret Remedy,Magic,,0,,,0,0,11868825,20000
341,Soul of the Pure,Magic,,0,,,0,0,47852924,35000
342,Dian Keto the Cure Master,Magic,,0,,,0,0,84257639,999999
343,Sparks,Magic,,0,,,0,0,76103675,10
344,Hinotama,Magic,,0,,,0,0,46130346,55
345,Final Flame,Magic,,0,,,0,0,73134081,20000
346,Ookazi,Magic,,0,,,0,0,19523799,35000
347,Tremendous Fire,Magic,,0,,,0,0,46918794,999999
348,Swords of Revealing Light,Magic,,0,,,0,0,72302403,999999
349,Spellbinding Circle,Magic,,0,,,0,0,18807108,999999
350,Dark-piercing Light,Magic,,0,,,0,0,45895206,999999
351,Yaranzo,Zombie,Dark,4,Moon,Mercury,1300,1500,71280811,160
352,Kanan the Swordmistress,Warrior,Earth,4,Uranus,Neptune,1400,1400,12829151,160
353,Takriminos,Sea Serpent,Water,4,Neptune,Mercury,1500,1200,44073668,140
354,Stuffed Animal,Warrior,Earth,3,Moon,Mars,1200,900,71068263,60
355,Megasonic Eye,Machine,Dark,5,Moon,Jupiter,1500,1800,07562372,290
356,Super War-lion,Beast,Earth,7,Jupiter,Venus,2300,2100,N/A,N/A
357,Yamadron,Dragon,Fire,5,Mars,Uranus,1600,1800,70345785,320
358,Seiyaryu,Dragon,Light,7,Sun,Neptune,2500,2300,06740720,1700
359,Three-legged Zombies,Zombie,Dark,3,Moon,Pluto,1100,800,33734439,50
360,Zera The Mant,Fiend,Dark,8,Moon,Saturn,2800,2300,N/A,N/A
361,Flying Penguin,Aqua,Water,4,Neptune,Jupiter,1200,1000,05628232,70
362,Millennium Shield,Warrior,Earth,5,Uranus,Mars,0,3000,32012841,200
363,Fairy's Gift,Spellcaster,Light,4,Jupiter,Mercury,1400,1000,68401546,120
364,Black Luster Soldier,Warrior,Dark,8,Moon,Uranus,3000,2500,N/A,N/A
365,Fiend's Mirror,Fiend,Dark,6,Venus,Pluto,2100,1800,N/A,N/A
366,Labyrinth Wall,Rock,Earth,5,Uranus,Jupiter,0,3000,67284908,200
367,Jirai Gumo,Insect,Earth,4,Jupiter,Uranus,2200,100,94773007,80
368,Shadow Ghoul,Zombie,Dark,5,Moon,Pluto,1600,1300,30778711,180
369,Wall Shadow,Warrior,Dark,7,Moon,Neptune,1600,3000,63162310,999999
370,Labyrinth Tank,Machine,Dark,7,Moon,Mercury,2400,2400,99551425,999999
371,Sanga of the Thunder,Thunder,Light,7,Pluto,Mars,2600,2200,25955164,999999
372,Kazejin,Spellcaster,Wind,7,Saturn,Mars,2400,2200,62340868,999999
373,Suijin,Aqua,Water,7,Neptune,Saturn,2500,2400,98434877,999999
374,Gate Guardian,Warrior,Dark,11,Moon,Mars,3750,3400,N/A,N/A
375,Dungeon Worm,Insect,Earth,5,Uranus,Moon,1800,1500,51228280,290
376,Monster Tamer,Warrior,Earth,5,Jupiter,Pluto,1800,1600,97612389,320
377,Ryu-kishin Powered,Fiend,Dark,4,Moon,Jupiter,1600,1200,24611934,160
378,Swordstalker,Warrior,Dark,6,Moon,Saturn,2000,1600,50005633,400
379,La Jinn the Mystical Genie,Fiend,Dark,4,Mercury,Saturn,1800,1000,97590747,160
380,Blue-eyes Ultimate Dragon,Dragon,Light,12,Sun,Venus,4500,3800,N/A,N/A
381,Toon Alligator,Reptile,Water,4,Neptune,Mars,800,1600,59383041,120
382,Rude Kaiser,Beast-Warrior,Earth,5,Uranus,Sun,1800,1600,26378150,320
383,Parrot Dragon,Dragon,Wind,5,Saturn,Sun,2000,1300,62762898,290
384,Dark Rabbit,Beast,Dark,4,Moon,Uranus,1100,1500,99261403,120
385,Bickuribox,Fiend,Dark,7,Moon,Neptune,2300,2000,25655502,900
386,Harpie's Pet Dragon,Dragon,Wind,7,Saturn,Moon,2000,2500,52040216,999999
387,Mystic Lamp,Spellcaster,Dark,1,Mercury,Uranus,400,300,98049915,15
388,Pendulum Machine,Machine,Dark,6,Mercury,Neptune,1750,2000,24433920,1000
389,Giltia the D. Knight,Warrior,Light,5,Sun,Mars,1850,1500,51828629,290
390,Launcher Spider,Machine,Fire,7,Mars,Pluto,2200,2500,87322377,999999
391,Zoa,Fiend,Dark,7,Moon,Mercury,2600,1900,24311372,999999
392,Metalzoa,Machine,Dark,8,Moon,Mars,3000,2300,50705071,999999
393,Zone Eater,Aqua,Water,1,Neptune,Sun,250,200,86100785,10
394,Steel Scorpion,Machine,Earth,1,Jupiter,Neptune,250,300,13599884,10
395,Dancing Elf,Fairy,Wind,1,Jupiter,Sun,300,200,59983499,10
396,Ocubeam,Fairy,Light,5,Saturn,Venus,1550,1650,86088138,260
397,Leghul,Insect,Earth,1,Jupiter,Moon,300,350,12472242,15
398,Ooguchi,Aqua,Water,1,Neptune,Moon,300,250,58861941,10
399,Swordsman from a Foreign Land,Warrior,Earth,1,Uranus,Venus,250,250,85255550,10
400,Emperor of the Land and Sea,Reptile,Water,5,Neptune,Venus,1800,1500,11250655,290
401,Ushi Oni,Fiend,Dark,6,Jupiter,Venus,2150,1950,48649353,700
402,Monster Eye,Fiend,Dark,1,Moon,Jupiter,250,350,84133008,15
403,Leogun,Beast,Earth,5,Uranus,Mercury,1750,1550,10538007,290
404,Tatsunootoshigo,Beast,Earth,5,Neptune,Mercury,1350,1600,47922711,180
405,Saber Slasher,Machine,Dark,5,Moon,Saturn,1450,1500,73911410,180
406,Yaiba Robo,Machine,Dark,4,Moon,Uranus,1000,1300,10315429,80
407,Machine King,Machine,Earth,6,Mars,Sun,2200,2000,46700124,800
408,Giant Mech-soldier,Machine,Earth,6,Moon,Neptune,1750,1900,72299832,400
409,Metal Dragon,Machine,Wind,6,Mars,Moon,1850,1700,09293977,350
410,Mechanical Spider,Machine,Earth,2,Jupiter,Mercury,400,500,45688586,20
411,Bat,Machine,Wind,1,Moon,Mercury,300,350,72076281,15
412,Giga-tech Wolf,Machine,Earth,4,Jupiter,Uranus,1200,1400,08471389,120
413,Cyber Soldier,Machine,Dark,5,Moon,Mars,1500,1700,44865098,260
414,Shovel Crusher,Machine,Earth,3,Uranus,Neptune,900,1200,71950093,60
415,Mechanicalchacer,Machine,Dark,4,Moon,Jupiter,1850,800,07359741,120
416,Blocker,Machine,Dark,4,Moon,Saturn,850,1800,34743446,120
417,Blast Juggler,Machine,Fire,3,Mars,Venus,800,900,70138455,40
418,Golgoil,Machine,Earth,4,Venus,Neptune,900,1600,07526150,100
419,Giganto,Machine,Dark,5,Moon,Uranus,1700,1800,33621868,350
420,Cyber-Stein,Machine,Dark,2,Moon,Neptune,700,500,69015963,25
421,Cyber Commander,Machine,Dark,2,Moon,Mercury,750,700,06400512,30
422,Jinzo #7,Machine,Dark,2,Moon,Mars,500,400,32809211,20
423,Dice Armadillo,Machine,Earth,5,Jupiter,Pluto,1650,1800,69893315,320
424,Sky Dragon,Dragon,Wind,6,Saturn,Uranus,1900,1800,95288024,1000
425,Thunder Dragon,Thunder,Light,5,Pluto,Jupiter,1600,1500,31786629,230
426,Stone D.,Rock,Earth,7,Uranus,Mars,2000,2300,68171737,900
427,Kaiser Dragon,Dragon,Light,7,Sun,Jupiter,2300,2000,94566432,900
428,Magician of Faith,Spellcaster,Light,1,Sun,Saturn,300,400,31560081,999999
429,Goddess of Whim,Fairy,Light,3,Sun,Uranus,950,700,67959180,999999
430,Water Magician,Aqua,Water,4,Neptune,Mercury,1400,1000,93343894,120
431,Ice Water,Aqua,Water,3,Neptune,Moon,1150,900,20848593,55
432,Waterdragon Fairy,Aqua,Water,3,Neptune,Venus,1100,700,66836598,45
433,Ancient Elf,Spellcaster,Light,4,Sun,Pluto,1450,1200,93221206,120
434,Beautiful Beast Trainer,Warrior,Earth,5,Jupiter,Neptune,1750,1500,29616941,260
435,Water Girl,Aqua,Water,4,Neptune,Venus,1250,1000,55014050,70
436,White Dolphin,Fish,Water,2,Neptune,Jupiter,500,400,92409659,20
437,Deepsea Shark,Fish,Water,5,Neptune,Mars,1900,1600,28593363,350
438,Metal Fish,Machine,Water,5,Neptune,Saturn,1600,1900,55998462,350
439,Bottom Dweller,Fish,Water,5,Neptune,Sun,1650,1700,81386177,290
440,7 Colored Fish,Fish,Water,4,Neptune,Sun,1800,800,23771716,120
441,Mech Bass,Machine,Water,5,Neptune,Venus,1800,1500,50176820,290
442,Aqua Dragon,Sea Serpent,Water,6,Neptune,Moon,2250,1900,86164529,700
443,Sea King Dragon,Sea Serpent,Water,6,Neptune,Mercury,2000,1700,23659124,1000
444,Turu-Purun,Aqua,Water,2,Neptune,Jupiter,450,500,59053232,20
445,Guardian of the Sea,Aqua,Water,4,Neptune,Mars,1300,1000,85448931,80
446,Aqua Snake,Aqua,Water,3,Neptune,Saturn,1050,900,12436646,50
447,Giant Red Seasnake,Aqua,Water,4,Neptune,Sun,1800,800,58831685,120
448,Spike Seadra,Sea Serpent,Water,5,Pluto,Mercury,1600,1300,85326399,180
449,"30,000-Year White Turtle",Aqua,Water,5,Neptune,Moon,1250,2100,11714098,290
450,Kappa Avenger,Aqua,Water,3,Neptune,Venus,1200,900,48109103,60
451,Kanikabuto,Aqua,Water,3,Neptune,Saturn,650,900,84103702,30
452,Zarigun,Aqua,Water,2,Neptune,Mercury,600,700,10598400,30
453,Millennium Golem,Rock,Earth,6,Uranus,Jupiter,2000,2200,47986555,800
454,Destroyer Golem,Rock,Earth,4,Uranus,Sun,1500,1000,73481154,100
455,Barrel Rock,Rock,Earth,4,Uranus,Moon,1000,1300,10476868,80
456,Minomushi Warrior,Rock,Earth,4,Uranus,Venus,1300,1200,46864967,100
457,Stone Ghost,Rock,Earth,4,Uranus,Mercury,1200,1000,72269672,70
458,Kaminari Attack,Thunder,Wind,5,Pluto,Venus,1900,1400,09653271,290
459,Tripwire Beast,Thunder,Earth,4,Pluto,Saturn,1200,1300,45042329,100
460,Bolt Escargot,Thunder,Water,5,Pluto,Jupiter,1400,1500,12146024,180
461,Bolt Penguin,Thunder,Water,3,Pluto,Moon,1100,800,48531733,50
462,The Immortal of Thunder,Thunder,Light,4,Pluto,Sun,1500,1300,84926738,160
463,Electric Snake,Thunder,Light,3,Pluto,Mars,800,900,11324436,40
464,Wing Eagle,Winged Beast,Wind,5,Saturn,Mercury,1800,1500,47319141,290
465,Punished Eagle,Winged Beast,Wind,6,Saturn,Pluto,2100,1800,74703140,550
466,Skull Red Bird,Winged Beast,Wind,4,Saturn,Sun,1550,1200,10202894,140
467,Crimson Sunbird,Winged Beast,Fire,6,Mars,Mercury,2300,1800,46696593,700
468,Queen Bird,Winged Beast,Wind,5,Saturn,Moon,1200,2000,73081602,260
469,Armed Ninja,Warrior,Earth,1,Neptune,Mars,300,300,09076207,15
470,Magical Ghost,Zombie,Dark,4,Moon,Pluto,1300,1400,46474915,140
471,Soul Hunter,Fiend,Dark,6,Moon,Jupiter,2200,1800,72869010,800
472,Air Eater,Fiend,Wind,6,Moon,Saturn,2100,1600,08353769,1000
473,Vermillion Sparrow,Pyro,Fire,5,Mars,Venus,1900,1500,35752363,320
474,Sea Kamen,Aqua,Water,4,Neptune,Sun,1100,1300,71746462,120
475,Sinister Serpent,Reptile,Water,1,Neptune,Jupiter,300,250,08131171,10
476,Ganigumo,Insect,Earth,2,Jupiter,Sun,600,800,34536276,30
477,Alinsection,Insect,Earth,3,Jupiter,Moon,950,700,70924884,35
478,Insect Soldiers of the Sky,Insect,Wind,3,Saturn,Neptune,1000,800,07019529,45
479,Cockroach Knight,Insect,Earth,3,Jupiter,Venus,800,900,33413638,999999
480,Kuwagata α,Insect,Earth,4,Jupiter,Mercury,1250,1000,60802233,70
481,Burglar,Beast,Earth,3,Jupiter,Uranus,850,800,06297941,35
482,Pragtical,Dinosaur,Earth,5,Uranus,Neptune,1900,1500,33691040,320
483,Garvas,Beast,Earth,6,Jupiter,Pluto,2000,1700,69780745,1000
484,Ameba,Aqua,Water,1,Neptune,Moon,300,350,95174353,15
485,Korogashi,Insect,Earth,2,Jupiter,Neptune,550,400,32569498,20
486,Boo Koo,Spellcaster,Dark,2,Sun,Jupiter,650,500,68963107,25
487,Flower Wolf,Beast,Earth,5,Jupiter,Sun,1800,1400,95952802,260
488,Rainbow Flower,Plant,Earth,2,Jupiter,Moon,400,500,21347810,20
489,Barrel Lily,Plant,Earth,3,Jupiter,Venus,1100,600,67841515,40
490,Needle Ball,Fiend,Dark,2,Moon,Uranus,750,700,94230224,30
491,Peacock,Winged Beast,Wind,5,Jupiter,Mercury,1700,1500,20624263,260
492,Hoshiningen,Fairy,Light,2,Sun,Neptune,500,700,67629977,25
493,Maha Vailo,Spellcaster,Light,5,Sun,Venus,1550,1400,93013676,180
494,Rainbow Marine Mermaid,Fish,Water,5,Neptune,Venus,1550,1700,29402771,260
495,Musician King,Spellcaster,Light,5,Sun,Mars,1750,1500,56907389,260
496,Wilmee,Beast,Earth,4,Jupiter,Uranus,1000,1200,92391084,70
497,Yado Karu,Aqua,Water,4,Neptune,Mercury,900,1700,29380133,120
498,Morinphen,Fiend,Dark,5,Moon,Neptune,1550,1300,55784832,160
499,Kattapillar,Insect,Earth,1,Jupiter,Neptune,250,300,81179446,999999
500,Dragon Seeker,Fiend,Dark,6,Moon,Mercury,2000,2100,28563545,700
501,Man-eater Bug,Insect,Earth,2,Jupiter,Pluto,450,600,54652250,20
502,D. Human,Warrior,Earth,4,Uranus,Mars,1300,1100,81057959,120
503,Turtle Raccoon,Aqua,Water,3,Jupiter,Sun,700,900,17441953,35
504,Fungi of the Musk,Fiend,Dark,1,Jupiter,Moon,400,300,53830602,15
505,Prisman,Rock,Light,3,Uranus,Jupiter,800,1000,80234301,45
506,Gale Dogra,Insect,Earth,2,Jupiter,Venus,650,600,16229315,25
507,Crazy Fish,Fish,Water,4,Neptune,Jupiter,1600,1200,53713014,160
508,Cyber Saurus,Machine,Earth,5,Uranus,Sun,1800,1400,89112729,260
509,Bracchio-raidus,Dinosaur,Water,6,Uranus,Moon,2200,2000,16507828,800
510,Laughing Flower,Plant,Earth,2,Jupiter,Mercury,900,500,42591472,30
511,Bean Soldier,Plant,Earth,4,Jupiter,Uranus,1400,1300,84990171,140
512,Cannon Soldier,Machine,Dark,4,Moon,Mars,1400,1300,11384280,140
513,Guardian of the Throne Room,Machine,Light,5,Sun,Saturn,1650,1600,47879985,260
514,Brave Scizzar,Machine,Dark,4,Moon,Jupiter,1300,1000,74277583,80
515,The Statue of Easter Island,Rock,Earth,4,Uranus,Venus,1100,1400,10262698,100
516,Muka Muka,Rock,Earth,2,Uranus,Mercury,600,300,46657337,20
517,Sand Stone,Rock,Earth,5,Uranus,Mars,1300,1600,73051941,180
518,Boulder Tortoise,Aqua,Earth,6,Uranus,Neptune,1450,2200,09540040,400
519,Fire Kraken,Aqua,Fire,5,Mars,Saturn,1600,1500,46534755,230
520,Turtle Bird,Aqua,Water,6,Saturn,Mars,1900,1700,72929454,400
521,Skullbird,Winged Beast,Wind,6,Saturn,Venus,1900,1700,08327462,400
522,Monstrous Bird,Winged Beast,Wind,6,Saturn,Mercury,2000,1900,35712107,550
523,The Bistro Butcher,Fiend,Dark,4,Moon,Saturn,1800,1000,71107816,160
524,Star Boy,Aqua,Water,2,Neptune,Mars,550,500,08201910,20
525,Spirit of the Mountain,Spellcaster,Earth,5,Uranus,Jupiter,1300,1800,34690519,230
526,Neck Hunter,Fiend,Dark,6,Moon,Uranus,1750,1900,70084224,400
527,Milus Radiant,Beast,Earth,1,Jupiter,Neptune,300,250,07489323,10
528,Togex,Beast,Earth,5,Uranus,Sun,1600,1800,33878931,320
529,Flame Cerebrus,Pyro,Fire,6,Mars,Pluto,2100,1800,60862676,550
530,Eldeen,Spellcaster,Light,3,Mercury,Moon,950,1000,06367785,50
531,Mystical Sand,Rock,Earth,6,Mercury,Saturn,2100,1700,32751480,500
532,Gemini Elf,Spellcaster,Earth,4,Sun,Uranus,1900,900,69140098,160
533,Kwagar Hercules,Insect,Earth,6,Jupiter,Sun,1900,1700,95144193,400
534,Minar,Insect,Earth,3,Moon,Neptune,850,750,32539892,35
535,Kamakiriman,Insect,Earth,4,Jupiter,Moon,1150,1400,68928540,100
536,Mechaleon,Reptile,Water,2,Neptune,Saturn,800,600,94412545,30
537,Mega Thunderball,Thunder,Wind,2,Pluto,Mercury,750,600,21817254,30
538,Niwatori,Winged Beast,Earth,3,Jupiter,Venus,900,800,07805359,40
539,Corroding Shark,Zombie,Dark,3,Moon,Pluto,1100,700,34290067,45
540,Skelengel,Fairy,Light,2,Sun,Pluto,900,400,60694662,30
541,Hane-Hane,Beast,Earth,2,Saturn,Pluto,450,500,07089711,999999
542,Misairuzame,Fish,Water,5,Neptune,Sun,1400,1600,33178416,200
543,Tongyo,Fish,Water,4,Neptune,Moon,1350,800,69572024,60
544,Dharma Cannon,Machine,Dark,2,Moon,Mercury,900,500,96967123,30
545,Skelgon,Zombie,Dark,6,Moon,Pluto,1700,1900,32355828,999999
546,Wow Warrior,Fish,Water,4,Neptune,Mars,1250,900,69750536,60
547,Griggle,Plant,Earth,1,Jupiter,Mercury,350,300,95744531,15
548,Bone Mouse,Zombie,Dark,1,Moon,Pluto,400,300,21239280,15
549,Frog The Jam,Aqua,Water,2,Neptune,Jupiter,700,500,68638985,25
550,Behegon,Aqua,Water,4,Neptune,Saturn,1350,1000,94022093,80
551,Dark Elf,Spellcaster,Dark,4,Mercury,Jupiter,2000,800,21417692,160
552,Winged Dragon #2,Winged Beast,Wind,4,Saturn,Neptune,1200,1000,57405307,70
553,Mushroom Man #2,Warrior,Earth,3,Jupiter,Uranus,1250,800,93900406,55
554,Lava Battleguard,Warrior,Earth,5,Mercury,Mars,1550,1800,20394040,999999
555,Tyhone #2,Dragon,Fire,6,Mars,Uranus,1700,1900,56789759,999999
556,The Wandering Doomed,Zombie,Dark,2,Moon,Pluto,800,600,93788854,30
557,Steel Ogre Grotto #1,Machine,Earth,5,Moon,Mars,1400,1800,29172562,260
558,Pot the Trick,Rock,Earth,2,Moon,Jupiter,400,400,55567161,20
559,Oscillo Hero,Warrior,Earth,3,Venus,Sun,1250,700,82065276,50
560,Invader from Another Dimension,Fiend,Dark,4,Venus,Mars,950,1400,28450915,80
561,Lesser Dragon,Dragon,Wind,4,Moon,Saturn,1200,1000,55444629,70
562,Needle Worm,Insect,Earth,2,Jupiter,Pluto,750,600,81843628,999999
563,Wretched Ghost of the Attic,Fiend,Dark,2,Mercury,Uranus,550,400,17238333,20
564,Great Mammoth of Goldfine,Zombie,Dark,6,Moon,Pluto,2200,1800,54622031,800
565,Man-eating Black Shark,Fish,Water,5,Neptune,Sun,2100,1300,80727036,320
566,Yormungarde,Reptile,Earth,3,Neptune,Moon,1200,900,17115745,60
567,Darkworld Thorns,Plant,Earth,3,Moon,Jupiter,1200,900,43500484,60
568,Anthrosaurus,Dinosaur,Earth,3,Uranus,Moon,1000,850,89904598,45
569,Drooling Lizard,Reptile,Earth,3,Neptune,Venus,900,800,16353197,40
570,Trakadon,Dinosaur,Earth,3,Uranus,Venus,1300,800,42348802,60
571,B. Dragon Jungle King,Dragon,Earth,6,Jupiter,Neptune,2100,1800,89832901,999999
572,Empress Judge,Warrior,Earth,6,Uranus,Venus,2100,1700,15237615,500
573,Little D,Dinosaur,Earth,3,Uranus,Mercury,1100,700,42625254,45
574,Witch of the Black Forest,Spellcaster,Dark,4,Mercury,Pluto,1100,1200,78010363,80
575,Ancient One of the Deep Forest,Beast,Earth,6,Jupiter,Sun,1800,1900,14015067,1000
576,Giant Scorpion of the Tundra,Insect,Earth,3,Jupiter,Moon,1100,1000,41403766,60
577,Crow Goblin,Winged Beast,Wind,5,Saturn,Mars,1850,1600,77998771,320
578,Leo Wizard,Spellcaster,Earth,5,Mercury,Neptune,1350,1200,04392470,100
579,Abyss Flower,Plant,Earth,2,Jupiter,Venus,750,400,40387124,25
580,Patrol Robo,Machine,Earth,3,Moon,Uranus,1100,900,76775123,55
581,Takuhee,Winged Beast,Wind,4,Saturn,Sun,1450,1000,03170832,120
582,Dark Witch,Fairy,Light,5,Sun,Neptune,1800,1700,35565537,350
583,Weather Report,Aqua,Water,4,Neptune,Mercury,950,1500,72053645,120
584,Binding Chain,Fairy,Light,3,Sun,Venus,1000,1100,08058240,60
585,Mechanical Snail,Machine,Dark,3,Moon,Neptune,800,1000,34442949,45
586,Greenkappa,Warrior,Dark,3,Moon,Mercury,650,900,61831093,30
587,Mon Larvas,Beast,Earth,4,Jupiter,Mercury,1300,1400,07225792,140
588,Living Vase,Plant,Earth,3,Jupiter,Uranus,900,1100,34320307,55
589,Tentacle Plant,Plant,Water,2,Jupiter,Pluto,500,600,60715406,25
590,Beaked Snake,Reptile,Earth,3,Neptune,Jupiter,800,900,06103114,40
591,Morphing Jar,Rock,Earth,2,Uranus,Neptune,700,600,33508719,30
592,Muse-A,Fairy,Light,3,Sun,Mars,850,900,69992868,40
593,Giant Turtle Who Feeds on Flames,Aqua,Water,5,Neptune,Mars,1400,1800,96981563,260
594,Rose Spectre of Dunn,Plant,Dark,6,Moon,Jupiter,2000,1800,32485271,500
595,Fiend Refrection #1,Winged Beast,Wind,4,Venus,Jupiter,1300,1400,68870276,140
596,Ghoul with an Appetite,Zombie,Dark,4,Moon,Pluto,1600,1200,95265975,160
597,Pale Beast,Beast,Earth,4,Jupiter,Neptune,1500,1200,21263083,140
598,Little Chimera,Beast,Fire,2,Saturn,Moon,600,550,68658728,25
599,Violent Rain,Aqua,Water,4,Neptune,Mercury,1550,800,94042337,80
600,Key Mace #2,Fiend,Dark,4,Mercury,Moon,1050,1200,20541432,70
601,Tenderness,Fairy,Light,3,Sun,Jupiter,700,1400,57935140,60
602,Penguin Soldier,Aqua,Water,2,Neptune,Mars,750,500,93920745,25
603,Fairy Dragon,Dragon,Wind,4,Sun,Saturn,1100,1200,20315854,999999
604,Obese Marmot of Nefariousness,Beast,Earth,3,Moon,Mars,750,800,56713552,30
605,Liquid Beast,Aqua,Water,3,Neptune,Saturn,950,800,93108297,40
606,Twin Long Rods #2,Aqua,Water,3,Neptune,Sun,850,700,29692206,30
607,Great Bill,Beast,Earth,4,Jupiter,Sun,1250,1300,55691901,100
608,Shining Friendship,Fairy,Light,4,Sun,Uranus,1300,1100,82085619,120
609,Bladefly,Insect,Wind,2,Jupiter,Moon,600,700,28470714,30
610,Electric Lizard,Thunder,Earth,3,Pluto,Sun,850,800,55875323,35
611,Hiro's Shadow Scout,Fiend,Dark,2,Moon,Saturn,650,500,81863068,25
612,Lady of Faith,Spellcaster,Light,3,Sun,Pluto,1100,800,17358176,50
613,Twin-headed Thunder Dragon,Thunder,Light,7,Pluto,Moon,2800,2100,54752875,1900
614,Hunter Spider,Insect,Earth,5,Jupiter,Venus,1600,1400,80141480,200
615,Armored Starfish,Aqua,Water,4,Neptune,Moon,850,1400,17535588,70
616,Hourglass of Courage,Fairy,Light,4,Sun,Neptune,1100,1200,43530283,80
617,Marine Beast,Fish,Water,5,Neptune,Mercury,1700,1600,29929832,290
618,Warrior of Tradition,Warrior,Earth,6,Mercury,Mars,1900,1700,56413937,400
619,Rock Spirit,Spellcaster,Earth,5,Uranus,Mars,1650,1900,82818645,350
620,Snakeyashi,Plant,Earth,4,Jupiter,Mercury,1000,1200,29802344,70
621,Succubus Knight,Warrior,Dark,5,Mercury,Jupiter,1650,1300,55291359,180
622,Ill Witch,Spellcaster,Light,5,Sun,Venus,1600,1500,81686058,230
623,The Thing That Hides in the Mud,Rock,Earth,4,Uranus,Jupiter,1200,1300,18180762,100
624,High Tide Gyojin,Aqua,Water,5,Neptune,Mercury,1650,1300,54579801,180
625,Fairy of the Fountain,Aqua,Water,4,Neptune,Venus,1600,1100,81563416,140
626,Amazon of the Seas,Fish,Water,4,Neptune,Mars,1300,1400,17968114,140
627,Nekogal #2,Beast-Warrior,Earth,6,Jupiter,Uranus,1900,2000,43352213,550
628,Witch's Apprentice,Spellcaster,Dark,2,Mercury,Saturn,550,500,80741828,999999
629,Armored Rat,Beast,Earth,3,Jupiter,Pluto,950,1100,16246527,55
630,Ancient Lizard Warrior,Reptile,Earth,4,Neptune,Saturn,1400,1100,43230671,100
631,Maiden of the Moonlight,Spellcaster,Light,4,Moon,Venus,1500,1300,79629370,160
632,Stone Ogre Grotto,Rock,Earth,5,Uranus,Sun,1600,1500,15023985,230
633,Winged Egg of New Life,Fairy,Light,5,Sun,Mars,1400,1700,42418084,230
634,Night Lizard,Aqua,Water,4,Neptune,Jupiter,1150,1300,78402798,120
635,Queen's Double,Warrior,Earth,1,Uranus,Moon,350,300,05901497,15
636,Blue-winged Crown,Winged Beast,Wind,4,Saturn,Venus,1600,1200,41396436,160
637,Trent,Plant,Earth,5,Jupiter,Sun,1500,1800,78780140,290
638,Queen of Autumn Leaves,Plant,Earth,5,Jupiter,Moon,1800,1500,04179849,290
639,Amphibious Bugroth,Aqua,Water,5,Neptune,Sun,1850,1300,40173854,230
640,Acid Crawler,Insect,Earth,3,Jupiter,Venus,900,700,77568553,999999
641,Invader of the Throne,Warrior,Earth,5,Uranus,Venus,1350,1700,03056267,200
642,Mystical Sheep #1,Beast,Earth,3,Venus,Saturn,1150,900,30451366,55
643,Disk Magician,Machine,Dark,4,Moon,Uranus,1350,1000,76446915,80
644,Flame Viper,Pyro,Earth,2,Mars,Pluto,400,450,02830619,20
645,Royal Guard,Machine,Earth,6,Uranus,Mercury,1900,2200,39239728,700
646,Gruesome Goo,Aqua,Water,3,Neptune,Moon,1300,700,65623423,55
647,Hyosube,Aqua,Water,4,Neptune,Venus,1500,900,02118022,120
648,Machine Attacker,Machine,Earth,5,Moon,Neptune,1600,1300,38116136,180
649,Hibikime,Warrior,Earth,4,Mercury,Uranus,1450,1000,64501875,120
650,Whiptail Crow,Fiend,Dark,5,Moon,Mercury,1650,1600,91996584,260
651,Kunai with Chain,Equip,,0,,,0,0,37390589,800
652,Magical Labyrinth,Equip,,0,,,0,0,64389297,10
653,Warrior Elimination,Magic,,0,,,0,0,90873992,999999
654,Salamandra,Equip,,0,,,0,0,32268901,800
655,Cursebreaker,Magic,,0,,,0,0,69666645,10
656,Eternal Rest,Magic,,0,,,0,0,95051344,999999
657,Megamorph,Equip,,0,,,0,0,22046459,50000
658,Metalmorph,Equip,,0,,,0,0,68540058,999999
659,Winged Trumpeter,Equip,,0,,,0,0,94939166,800
660,Stain Storm,Magic,,0,,,0,0,21323861,999999
661,Crush Card,Magic,,0,,,0,0,57728570,999999
662,Eradicating Aerosol,Magic,,0,,,0,0,94716515,999999
663,Breath of Light,Magic,,0,,,0,0,20101223,999999
664,Eternal Draught,Magic,,0,,,0,0,56606928,999999
665,Curse of Millennium Shield,Ritual,,0,,,0,0,83094937,10
666,Yamadron Ritual,Ritual,,0,,,0,0,29089635,10
667,Gate Guardian Ritual,Ritual,,0,,,0,0,56483330,999999
668,Bright Castle,Equip,,0,,,0,0,82878489,800
669,Shadow Spell,Magic,,0,,,0,0,29267084,999999
670,Black Luster Ritual,Ritual,,0,,,0,0,55761792,100
671,Zera Ritual,Ritual,,0,,,0,0,81756897,100
672,Harpie's Feather Duster,Magic,,0,,,0,0,18144506,999999
673,War-lion Ritual,Ritual,,0,,,0,0,54539105,100
674,Beastry Mirror Ritual,Ritual,,0,,,0,0,81933259,100
675,Ultimate Dragon,Ritual,,0,,,0,0,17928958,999999
676,Commencement Dance,Ritual,,0,,,0,0,43417563,50
677,Hamburger Recipe,Ritual,,0,,,0,0,80811661,50
678,Revival of Sennen Genjin,Ritual,,0,,,0,0,16206366,100
679,Novox's Prayer,Ritual,,0,,,0,0,43694075,50
680,Curse of Tri-Horned Dragon,Ritual,,0,,,0,0,79699070,50
681,House of Adhesive Tape,Trap,,0,,,0,0,15083728,999999
682,Eatgaboon,Trap,,0,,,0,0,42578427,999999
683,Bear Trap,Trap,,0,,,0,0,78977532,999999
684,Invisible Wire,Trap,,0,,,0,0,15361130,999999
685,Acid Trap Hole,Trap,,0,,,0,0,41356845,999999
686,Widespread Ruin,Trap,,0,,,0,0,77754944,999999
687,Goblin Fan,Trap,,0,,,0,0,04149689,999999
688,Bad Reaction to Simochi,Trap,,0,,,0,0,40633297,999999
689,Reverse Trap,Trap,,0,,,0,0,77622396,999999
690,Fake Trap,Trap,,0,,,0,0,03027001,999999
691,Revived of Serpent Night Dragon,Ritual,,0,,,0,0,39411600,50
692,Turtle Oath,Ritual,,0,,,0,0,76806714,100
693,Contruct of Mask,Ritual,,0,,,0,0,02304453,100
694,Resurrection of Chakra,Ritual,,0,,,0,0,39399168,100
695,Puppet Ritual,Ritual,,0,,,0,0,05783166,50
696,Javelin Beetle Pact,Ritual,,0,,,0,0,41182875,999999
697,Garma Sword Oath,Ritual,,0,,,0,0,78577570,50
698,Cosmo Queen's Prayer,Ritual,,0,,,0,0,04561679,50
699,Revival of Skeleton Rider,Ritual,,0,,,0,0,31066283,10
700,Fortress Whale's Oath,Ritual,,0,,,0,0,77454922,10
701,Performance of Sword,Warrior,Earth,6,Sun,Saturn,1950,1850,N/A,N/A
702,Hungry Burger,Warrior,Dark,6,Moon,Mars,2000,1850,N/A,N/A
703,Sengenjin,Beast-Warrior,Earth,8,Jupiter,Mercury,2750,2500,N/A,N/A
704,Skull Guardian,Warrior,Light,7,Sun,Jupiter,2050,2500,N/A,N/A
705,Tri-horned Dragon,Dragon,Dark,8,Moon,Jupiter,2850,2350,N/A,N/A
706,Serpent Night Dragon,Dragon,Dark,7,Mercury,Pluto,2350,2400,N/A,N/A
707,Skull Knight,Spellcaster,Dark,7,Mercury,Neptune,2650,2250,02504891,999999
708,Cosmo Queen,Spellcaster,Dark,8,Venus,Uranus,2900,2450,N/A,N/A
709,Chakra,Fiend,Dark,7,Mercury,Moon,2450,2000,N/A,N/A
710,Crab Turtle,Aqua,Water,8,Neptune,Jupiter,2550,2500,N/A,N/A
711,Mikazukinoyaiba,Dragon,Dark,7,Sun,Uranus,2200,2350,38277918,999999
712,Meteor Dragon,Dragon,Earth,6,Uranus,Neptune,1800,2000,64271667,999999
713,Meteor B. Dragon,Dragon,Fire,8,Mars,Sun,3500,2000,N/A,N/A
714,Firewing Pegasus,Beast,Fire,6,Mars,Moon,2250,1800,27054370,999999
715,Psycho-Puppet,Fiend,Dark,7,Moon,Saturn,2000,2350,N/A,N/A
716,Garma Sword,Warrior,Dark,7,Moon,Uranus,2550,2150,N/A,N/A
717,Javelin Beetle,Insect,Earth,8,Jupiter,Uranus,2450,2550,N/A,N/A
718,Fortress Whale,Fish,Water,7,Neptune,Saturn,2350,2150,N/A,N/A
719,Dokurorider,Zombie,Dark,6,Uranus,Mars,1900,1850,N/A,N/A
720,Mask of Shine & Dark,Spellcaster,Dark,6,Venus,Pluto,2000,1800,N/A,N/A
721,Dark Magic Ritual,Ritual,,0,,,0,0,N/A,N/A
722,Magician of Black Chaos,Spellcaster,Dark,8,Mercury,Mars,2800,2600,N/A,N/A
