address,size,name,status,module,notes
0x80168004,0x4C,CampaignMap_ClearLocationObjects,matching_c,overlay/overworld_after_coup,Exact overlay match with gcc_2_8_1_g0_split. Releases the four D_801695F8 objects; both variants share one source because their text is byte-identical.
0x80168050,0x13C,CampaignMap_RebuildLocationObjects,matching_c,overlay/overworld_after_coup,Exact overlay match with gcc_2_8_1_g0_split. Clears the previous objects through CampaignMap_ClearLocationObjects then walks the four 0xC-byte spawn records at +0x12 of the 66-byte location record. Entries flagged 0x10 at +0x9 are skipped and an entry with a non-zero id at +0x0 only spawns when func_8002CCA8 accepts it. Each spawn is published to D_801695F8[i]. Computing the record offset inside the loop body is what makes GCC induct on the integer offset rather than folding it into a pointer; see notes/overlays/matching-patterns.md.
0x8016818C,0x5C,CampaignMap_CreateLocationLabel,matching_c,overlay/overworld_after_coup,Exact overlay match with gcc_2_8_1_g0_split. Builds the location-name object from gCampaignMap_Location plus the 0x8350 string base; shared source with the other variant.
0x801681E8,0x70,CampaignMap_SetCameraFromLocation,matching_c,overlay/overworld_after_coup,Exact overlay match with gcc_2_8_1_g0_split. Loads five fields from a 66-byte gCampaignMap_aLocationTable entry into D_800F2848; the destination base needs its own local because the target materialises it in a register.
0x80168258,0xB8,CampaignMap_UpdateView,matching_c,overlay/overworld_after_coup,Exact overlay match with gcc_2_8_1_g0_split. Per-frame view setup plus a conditional D_8009B30C flag update; the unsigned sltu compare requires u32 globals.
0x80168310,0x78,CampaignMap_ResetCamera,matching_c,overlay/overworld_after_coup,"Exact overlay match with gcc_2_8_1_g0_split. Resets D_800F2848 to fixed defaults; the target materialises two bases, the struct itself and the block at +0x10, so both need locals."
0x80168388,0x200,CampaignMap_MoveCameraDpad,matching_c,overlay/overworld_after_coup,Exact overlay match with gcc_2_8_1_g0_split. Free camera nudge driven by gInput_wPad1Held while the overworld is idle. It does nothing at all unless one of the bits in 0xF00C is held; bits 0 and 1 are the shoulder pair that switches the D-pad from turning the camera to panning it. With a shoulder held the up-down pair 0xA000 and the left-right pair 0x5000 add to the 32-bit fields at camera offsets 0x1C and 0x24 which CampaignMap_SetCameraFromLocation also writes; without one they add to the 16-bit fields at offsets 2 and 4 and bits 0xC add to offset 0 with a step of 4 or 20 instead of 2 or 32. Bit 0x40 is the fast modifier and picks the larger step everywhere; the high bit of each pair selects the sign. Every branch ends in func_8001352C which is the same recompute that camera_reset and camera_from_location call. One lever and it is the whole function: gInput_wPad1Held must be declared volatile. Without it GCC folds all twelve reads into one and the body builds 95 instructions against 128 - each test in the target reloads the word and stalls a slot which is only reachable through the qualifier and not through statement order.
0x80168588,0xE4,CampaignMap_CreateLocationMarker,matching_c,overlay/overworld_after_coup,Exact overlay match with gcc_2_8_1_g0_split. Allocates an object through func_8004002C and func_800400AC then places it at the coordinates of the current location record; sets flag 0x28 at +0x8 and copies the coordinates of the record indexed by the argument into +0x30 and +0x32. Returns the object. Three levers and none of them is a profile: the function returns the object which is what the move v0 s0 before the last store actually is rather than a temporary swap; the table base is a named local shared by both record computations which is what puts its %hi ahead of the location load; and the two records are separate locals. The earlier note read the tail as a temporary swap and recorded -fno-schedule-insns as needed for the saved-register allocation; with the return value and the shared base the stock profile matches and gcc_2_8_1_g0_split_no_sched1 is worse at 58 instructions.
0x8016866C,0x250,CampaignMap_SetLocation,matching_c,overlay/overworld_after_coup,Exact overlay match with gcc_2_8_1_g0_split. Builds the whole overworld scene for a location. It stores the index into gCampaignMap_Location clears the four state bytes and the marker pointer zeroes the four words at D_801695F8 from the top down then resets the display lists and the camera through func_800530C4 func_800533D8 func_80056250 func_80058F74 func_8005922C and CampaignMap_ResetCamera. It publishes CampaignMap_UpdateView as the per-frame view hook in D_800E9DBC creates a 96 by 24 sprite from D_801AF000 and or-s 0x28 into its flags then creates the map object gives it position 160 by 144 extents 32 and 192 scale 5120 and 4096 and depth 128 hangs func_80042C08 off +0x4C and keeps it in D_801695D8. Finally it draws the location through CampaignMap_SetCameraFromLocation CampaignMap_CreateLocationLabel and CampaignMap_RebuildLocationObjects records gCampaignMap_LocationPrev and for locations 10 and above creates the marker and clears bit 0x40 of the map object's flags; the background track is 0x70A0 unless func_8002CCA8 with 71 holds in which case it is 0x70B0. Three levers and all three are the same aliasing property - the object pointers are u8 star so GCC cannot prove a store misses a global. The first location read must be a named local written before the +0x4C store or its lbu cannot hoist above it; the marker branch must read the map object and its flag halfword into locals before storing D_801695C8 for the same reason; and the default track must be assigned after the marker if and not before it so that its li lands in that branch's delay slot at the merge point instead of being pulled into an earlier call's delay slot.
0x801688BC,0x1EC,CampaignMap_StartCameraTween,matching_c,overlay/overworld_after_coup,Exact overlay match with gcc_2_8_1_g0_split. Starts a camera tween toward the location record for index in gCampaignMap_aLocationTable spread over steps frames. It snapshots the five live camera channels at D_800F2848 into 16.16 accumulators with a half-unit bias - offset 2 into D_801695E4 offset 4 into D_801695E8 offset 0 into D_80169610 offset 0x1C into D_801695CC and offset 0x24 into D_801695D0 - and divides the remaining distance to the record fields at 6 2 4 8 and 0xA by steps into the matching per-frame deltas D_80169614 D_801695F4 D_801695F0 D_801695DC and D_801695E0. The heading channel wraps in a 4096-unit circle: the difference is masked to 0xFFF and anything at or above 2048 turns the short way by subtracting 4095 rather than 4096 which is how the retail code is built. CampaignMap_SetCameraFromLocation writes the same five record fields directly and is the instant version of this move. Two levers: every camera channel is read into a local before use so the load delay slots take useful work; and the two 32-bit channels must be read through a separate s32 pointer over D_800F2848 - reading them off the u8 base makes GCC treat the second load as possibly aliasing the D_801695CC store and sink it three slots.
0x80168AA8,0x364,CampaignMap_UpdateLocationTransition,unmatched_asm,overlay/overworld_after_coup,"Exact boundary from the verified overlay split. The camera tween advance and the counterpart to CampaignMap_StartCameraTween which primes it; CampaignMap_UpdateLocation polls this every frame and treats a non-zero return as still moving. Bit 0x80 of D_801695EC marks the move already primed: the first pass sets it stops the marker through func_80043178 and zeroes its +0x60 copies gCampaignMap_MoveState into the frame counter D_801695D4 and calls CampaignMap_StartCameraTween. Crossing between the low locations and the named sites toggles the map object: entering a low location from a named site sets its +0x48 to 180 and +0x4A to 340 raises bits 0x60 of D_801695EC and sets bit 0x40 of the object flags while the reverse crossing only raises bit 0x40. While bit 0x40 is set the object's +0x48 walks by seven per frame - up when bit 0x20 is clear and down with a floor of 32 when it is set - and +0x4A tracks it plus 160. The marker's own +0x60 climbs by 2048 over gCampaignMap_MoveState frames until it reaches 2048 and drives func_8004318C with the location record's u16 pair at plus 12. Every frame the five 16.16 accumulators advance by their deltas and their high halves land in the camera at offsets 2 4 0 0x1C and 0x24; when the counter reaches zero it replaces the tween with CampaignMap_SetCameraFromLocation snaps the object to 32 and 192 if bit 0x20 is set and snaps the marker to the record pair. Builds 219 of 217 instructions with the levers below found. Three found so far and all are load-versus-store ordering through u8 star object pointers: the object's flag halfword must be read and or-ed before the D_801695EC store or it sinks below it; the raised D_801695EC value must go through the same local that already holds the flags byte since a second local makes GCC hoist the halfword read above the two coordinate stores; and the marker timer must be read as u16 into a local before the signed less-than test so the two reads of +0x60 sit adjacent. Measured and not helping: naming the location table base in its own local which is the lever CampaignMap_UpdateLocation needed builds 219 with two more differences; and moving the marker timer store ahead of the record address builds 219 with ten more. What remains is two instructions around the marker update where the target adds the timer to the quotient before materialising the table base and stores the result one slot earlier than the build does. Reconstructed from this note and the disassembly. With the three recorded levers applied a first build reaches 221 instructions, not the recorded 219, so two instructions of the recorded shape are still undocumented and the note is not by itself sufficient to reproduce the best known candidate. One new lever was found on the way and it cuts against the obvious model. The camera base must be a single local. The matched sibling CampaignMap_StartCameraTween in the same source file keeps both a u8 * and an s32 * local pointing at D_800F2848 and matches that way, so copying its shape here is the natural thing to do, but in this function it costs an extra callee-saved register and a 0x28 frame where the target has 0x20: the build materialises the base into s3 and then copies it to s2. Collapsing to one u8 *camera and casting at the two 32-bit stores, *(s32 *)(camera + 0x1C) and *(s32 *)(camera + 0x24), removes three instructions and restores the 0x20 frame. Progress this pass was 226 with no levers, 224 with the D_801695EC and object flag levers applied, and 221 after the camera local was collapsed. The remaining excess is not in the marker block that the recorded residual describes. Reached the exact 217 instructions for the first time, down from the recorded 219, with seventy differing positions that are all register naming. Two levers found, and the first is the gap that made this note insufficient. The plus 0x20 branch arms must be laid out the other way round: written as if the bit is clear do the plus seven step else do the minus seven step and its clamp, so that the plus seven arm comes first in the source. Written the natural way round GCC emits a separate store for each arm instead of cross-jumping them onto one shared store, which is worth two instructions. The second is that the location table base must be a named local in the closing snap block, table = gCampaignMap_aLocationTable then entry = table + id * 66. That is worth the other two instructions and the reason is delay slots: the target fills the beqz slot after the marker null test with the lui of the table base and the following load-use gap with its addiu, and the delay slot filler will not speculate a load into a slot, so with the base materialised late there is nothing safe available and both slots stay nops. Naming the base in the marker block as well rather than only in the snap block builds 217 but with eighty-one positions, so it is wanted in the snap block only. A third lever is worth six positions: the 0x60 raise needs its own local rather than reusing the one holding the function's first D_801695EC read. Measured and not helping: a distinct local for the object in the plus 0x20 block, which stays at 217 but goes from seventy positions to seventy-six; reading the object flag halfword before the D_801695EC byte; and moving the timer sum ahead of the table base in the marker block, which GCC reorders freely. The remaining seventy are led by the object going to a0 where the target uses s0."
0x80168E0C,0x1C0,CampaignMap_PickExit,matching_c,overlay/overworld_after_coup,Exact overlay match with gcc_2_8_1_g0_split. Chooses which exit to take from the current location. It forms the 66-byte record for gCampaignMap_Location in gCampaignMap_aLocationTable and an exit array at record plus 18 of four 12-byte entries. For locations 10 and above it first checks func_8002CCA8 with 71 and bit 0x20 of gInput_wPad1Pressed; when both hold it calls func_8003FEE0 with 48 writes 24 to gCampaignMap_MoveState and returns 0. When bits 0xC0 of gInput_wPad1Pressed are set the record counts as blocked unless its leading u16 is non-zero and func_8002CCA8 of the first exit's u16 returns zero; a blocked record returns the byte at record plus 0x10 or else the location or-ed with 0x8000. Otherwise it scans the four exits skipping any whose byte at +9 is 16 requiring a non-zero leading u16 to pass func_8002CCA8 and taking the first whose u16 at +6 shares a bit with gInput_wPad1Held; exhausting all four returns -1. Two levers: the first exit branch calls func_8003FEE0 before storing to gCampaignMap_MoveState while the second stores first; and the second walker through the exit array must not be a named local because GCC then duplicates its initialiser into two earlier branch delay slots - writing exits plus 6 inline lets GCC create the induction variable itself and place its initialiser in the loop preheader as the target does.
0x80168FCC,0x1DC,CampaignMap_UpdateLocation,matching_c,overlay/overworld_after_coup,Exact overlay match with gcc_2_8_1_g0_split. Per-frame overworld location tick. When D_801695EC is set it waits for CampaignMap_UpdateLocationTransition to report the pending move finished then clears the flag and rebuilds the location objects and label; for locations 10 and above it creates the marker via CampaignMap_CreateLocationMarker if absent and copies the u16 pair at record plus 12 of the 66-byte gCampaignMap_aLocationTable entry into the marker at 0x30 and 0x32 while lower locations release the marker instead. Bit 0x80 of D_8016960D marks a departure fade already started; the first pass sets it calls Fade_InitOut writes 2 to D_800E9ECF tears the view down with CampaignMap_ClearLocationObjects releases the marker and calls func_8003FF58 with 4. Every fade frame subtracts 2 from D_800F2848 and until bit 0x80 of D_800E9ECE is set writes 2 to D_8009B26C and the location plus 32 to D_8009B27A. Otherwise it records gCampaignMap_LocationPrev and asks CampaignMap_PickExit for the next location; a negative result does nothing bit 0x8000 starts the fade and any other value becomes gCampaignMap_Location. One lever: the table base must be a separate function-scope local assigned before the record pointer - folding both into one expression puts the sum in the base register and materialises the lui after the index scaling instead of hoisting it into the earlier branch delay slot.
0x801697D0,0x2CC,func_801697D0,unmatched_asm,overlay/overworld_after_coup,"Exact boundary from the verified overlay split. Not a candidate under any existing profile: this function was compiled without optimisation while every other function in all five overlays was not. Evidence from the generated assembly. It sets up a frame pointer with addu fp sp zero, which no other overlay function does; it stores each local to the frame and reloads it on the very next instruction, for example sw v0 0x18(fp) followed immediately by lw v0 0x18(fp); it keeps redundant copies such as addu a0 v0 zero before using a0 purely as a shift source; it masks an already-masked value with andi v1 v0 0x20 then andi v0 v1 0xFFFF; and it reaches absolute addresses through 22 macro expansions that use the assembler temporary, for example lui at %hi(D_8016A2B8) then sw v0 %lo(D_8016A2B8)(at), which the split-address profiles never emit. Verified by compiling a reduced version of the opening block directly. At -O0 the compiler reproduces the frame pointer, the store and immediate reload of both locals, the redundant register copy, and the times 66 index chain as sll 5 then addu then sll 1, all in the target's order. At -O1 none of it survives: there is no frame pointer, both locals stay in registers, and addresses come out as explicit %hi and %lo pairs. The flags that reproduce it are -O0 -G0 -mel -mips1 -mcpu=R3000 -msoft-float -fno-builtin -mgas with -msplit-addresses omitted, and no profile in compiler_profiles.json currently matches that; adding one is outside the overlay scope so this is recorded rather than acted on. Every unmatched function in all five modules was scanned for the frame pointer prologue and this is the only one, which is why it is also the last untouched function in both overworld modules. Once a profile exists this should be comparatively cheap rather than expensive despite its size, because unoptimised output is close to a transliteration: there is no instruction scheduling and no register allocation to reproduce, so statements map to instruction groups one for one. The missing piece was a compiler profile, not anything about the function. Every one of the twenty-seven profiles in compiler_profiles.json compiled at -O2 or -O1, so there was no way to build unoptimised code at all, which is why trying this function under the usual profile could never work. Adding gcc_2_8_1_o0_g0_split, which is the standard overlay profile with -O0 in place of -O2, resolves it. A probe of just the opening reproduces the target instruction for instruction from the frame pointer onward, including the store to the frame immediately followed by the reload of the same slot, the unfilled delay slots, and the re-read of D_8016A2BC for the range test rather than reuse of the value already loaded. Only the frame size and the slot offsets differ, because a prefix probe declares fewer locals. So this is no longer blocked and is ordinary decompilation work, on the new profile rather than the default one. The opening decodes as an entry pointer into D_80169E54 with a 66 byte stride indexed by the u8 at D_8016A2BC, a second local at that pointer plus 0x12, and then a test of the same index against 10 that calls func_8004EB9C with 0x47 when it is not below. Correction to the boundary claim above. This row is not one function; it is two, and the second is absent from the inventory entirely. The range holds 417 instructions, and there are exactly two prologues and two jr ra in it: func_801697D0 runs from 0x801697D0 for 0x2CC bytes and ends at 0x80169A94, and a second function begins at 0x80169A9C with its own addiu sp, sw ra, sw fp, move fp, sp prologue and runs 0x3B8 bytes to the end of the module text. The row has been split accordingly. Both halves carry the same unoptimised tells, so both build on gcc_2_8_1_o0_g0_split rather than the default profile. The first half decodes as an entry pointer into D_80169E54 with a 66 byte stride indexed by the u8 at D_8016A2BC, a second local at that pointer plus 0x12, a guard that calls func_8004EB9C with 71 and tests bit 0x20 of the pad word at D_800C4E68, and then a four iteration scan over 12 byte records testing bits of D_800C4E74 and returning the byte at plus 9. Reconstructed on the new profile and it now builds 179 instructions against the target's 179, with the frame size matching at 40 bytes and 55 differing positions, almost all of them one block shifted by a single instruction. Two things were needed to get there and both are properties of -O0 rather than of this function. Frame slots are handed out in declaration order, so the locals have to be declared in the order the target's offsets imply, here the loop counter at 16, the match flag at 20, the entry pointer at 24 and the record pointer at 28; declaring them in any other order shifts every slot and every reference to them. And an assignment written inside a condition does not reload. The target stores the entry's first halfword and tests the same register, where a plain assignment followed by a separate if reloads the slot first, so that line is if ((t = p->unk0) != 0) and not two statements. The rest of the function is an ordinary translation: a guard that needs D_8016A2BC at 10 or above, func_8004EB9C with 71, and bit 0x20 of D_800C4E68 before it calls func_80065B24 with 48, sets D_8016A2B8 to 24 and returns 0; then a bit 0xC0 test that either returns the entry's byte at plus 16 or D_8016A2BC with 0x8000 set; then four passes over 12 byte records returning the byte at plus 9 when D_800C4E74 shares a bit with the halfword at plus 6. What is left is one padding nop in the wrong place. The target emits it at the join the two skip branches share inside the loop, while the candidate emits it after the return block above the loop, which shifts everything between. Rewriting the loop body as three flat continues against a for that advances the record pointer in its increment clause was measured and is worse, 183 instructions, so the nested form is right and the question is only where the padding lands. Measured and not helping: giving the loop entry an explicit label and jumping to it, so that the source has the branch structure the target shows, builds 182 rather than 179. Together with the flat continue form at 183 that is two spellings of the loop's surroundings closed, and the nested form at 179 stands. The return values are now confirmed from the other side. The second function in this range calls this one at its index 195, stores the result in a frame slot, tests it for being negative, then for bit 0x8000, and otherwise takes the low byte as the new D_8016A2BC, which is exactly the three forms decoded here: -1 for no match, the index with 0x8000 set for the special case, and a plain index otherwise. Writing the scan as a while with the counter initialised before it, rather than as a for, removes the stray padding and takes the build from 179 instructions with 55 differing positions to 178 with 20. The remaining difference is now a single instruction and it is fully isolated: target indices 0 through 158 are identical, the target has a nop at 159 that the candidate does not emit, and every position after that is the same instruction shifted by one. That nop sits at the label both skip branches share, the one at 0x27c reached from the record-type test and from the mask test, immediately before the pointer advance. Four other spellings of the loop and its surroundings were measured against this function and every one is worse, so the while form with nested ifs is the shape and only the padding is open: a for loop with the advance in its increment clause builds 183, three flat continues build 183, an explicit label and goto for the loop entry builds 182, two distinct goto labels at the join build 183, and an explicit else on the inner branch of the pre-loop block builds 181. Worth noting for the next attempt that the for and while forms place the padding differently rather than one having it and the other not: the for form emits the same single nop, but before the loop counter's initialisation instead of at the join, which is why it also sat at 179 instructions."
0x80169A9C,0x3B8,func_80169A9C,matching_c,overlay/overworld_after_coup,"Split out of the oversized func_801697D0 row, which covered two functions. Boundary taken from the prologue at 0x80169A9C and the jr ra that ends the module text, so the range is 0x3B8 bytes. Compiled without optimisation like its neighbour, with the frame pointer prologue and a store to the frame followed by an immediate reload of the same slot, so it builds on gcc_2_8_1_o0_g0_split and not on the default profile. Its opening tests bit 0x4 of the pad word at D_800C4E68 and then works through the pointer at D_8016A288. Not yet decoded further. Decoded far enough to reconstruct from, in target instruction indices. 4 to 19 flips bit 0x40 of the halfword at plus 8 of the object pointed to by D_8016A288 when bit 0x4 of D_800C4E68 is set. 20 to 30 tests the flag byte D_8016A29C and returns early through func_80169230. 31 to 44 clears that flag and calls func_801680E4 then func_801682D0, both with D_8016A2BC. 45 to 63 allocates through func_80168A48 into D_8016A278 when the index is below 10. 64 to 91 writes the two halfwords at plus 48 and plus 50 of that object from a 66 byte stride table at D_8016A2BC indexed by the same index. 94 to 99 is the other arm, releasing through func_80066574 and clearing D_8016A278. 100 to 121 toggles the byte at D_8016A2C9 when bit 0x100 of D_800C4E68 is set and calls func_80168624 when it becomes non-zero. 122 to 139 sets bit 0x80 of the byte at D_8016A2BD. 140 to 179 is the commit path, func_80021EA4, a 2 into the byte at 0x80114F4F, func_80168040, func_80066574 on D_8016A278, func_80065BFC with 4, a decrement of the halfword at 0x8011C410, func_800158C8, and then a bit 0x80 test that writes D_8016A2BC plus 32 and a 2 into two bytes near 0x800C4D82. 180 to 237 is the movement path: on bit 0x800 of D_800C4E68 it copies a byte to 0x800C4DCC, saves the index to D_8016A2C8, calls func_801697D0 and dispatches on its return as described in that function's row. Every local is a frame slot as usual for this profile, and the one visible here is at 16, holding the call's result. Matched byte-exactly on gcc_2_8_1_o0_g0_split at 238 of 238 instructions. Three -O0 rules did it, beyond the declaration-order and assignment-in-condition ones already recorded: the index test against 10 selects the release arm when the index is below it, so it is written as the ge case with the allocate arm first; the whole tail is wrapped in a test of the call result being non-negative rather than an early return, which is what puts bltz at 200 instead of bgez; and the last arm needs an explicit trailing return, because without it the arm falls through where the target jumps to the common exit, which is worth exactly the two instructions that were missing."
