left,right,shared_exact_bodies,shared_whole_code_images,same_archive_load_slots,byte_identical_load_slots,whole_code_image_sets_equal,physical_code_load_maps_equal
europe,france,60,1189,3752,1222,0,0
europe,germany,60,1189,3752,1222,0,0
europe,italy,60,1189,3752,1222,0,0
europe,japan,23,0,3727,0,0,0
europe,spain,60,1189,3752,1222,0,0
europe,usa,23,0,3727,0,0,0
france,germany,1555,3587,3752,3752,1,1
france,italy,1555,3587,3752,3752,1,1
france,japan,23,0,3727,0,0,0
france,spain,1555,3587,3752,3752,1,1
france,usa,23,0,3727,0,0,0
germany,italy,1555,3587,3752,3752,1,1
germany,japan,23,0,3727,0,0,0
germany,spain,1555,3587,3752,3752,1,1
germany,usa,23,0,3727,0,0,0
italy,japan,23,0,3727,0,0,0
italy,spain,1555,3587,3752,3752,1,1
italy,usa,23,0,3727,0,0,0
japan,spain,23,0,3727,0,0,0
japan,usa,30,0,3730,0,0,0
spain,usa,23,0,3727,0,0,0
